transaction_id,customer_name,transaction_date,amount,is_fraud
6df11cfc-5a15-43f4-85d1-2a23f0a816b3,Joseph Jackson,2024-03-22,72.25,0
e8ed7ed5-9c8d-46e7-aaae-ac5f1e5498c3,Dawn Irwin,2024-02-29,80.24,0
9736dae1-6ff4-4263-8060-200ed54b874e,Mary Hamilton,2024-06-12,191.53,1
f513e301-a5ee-4baa-90e3-ef3d6c295ed3,Colleen Moore,2024-06-14,448.7,0
3f13a790-e411-419e-9646-643832684a82,Shawn Armstrong,2024-07-22,389.74,0
a6f5cb9b-ad96-44e3-a4a1-ed3371046be7,Shannon Clark,2024-08-14,346.15,1
2e449762-cb0f-4202-afeb-26d904264aac,Jason Cruz,2024-03-29,341.7,1
99aa3d09-6fb1-4312-9177-161da3ce169c,Heather Smith,2024-06-16,122.86,1
abcec4ff-dafd-44af-bac8-50817237a107,Jay Williams,2024-04-23,460.7,0
25f63d5b-ad83-45b7-8991-a9e19b035226,Jason Dodson,2024-03-26,149.67,0
3c9eca77-2eb8-4e42-8326-deebac6d8be5,Jason Lopez,2024-07-31,379.89,0
7699b328-ef49-469d-a91d-496c233bd2c1,Gavin Taylor,2024-09-12,339.17,0
fe0a4844-cf2c-441f-831d-07874c9d0987,Christina Brady,2024-06-27,301.08,0
fd92602c-6ccd-46ab-b0e7-9b4551306b74,Lauren Burns,2024-06-04,159.99,1
6b9a97d0-fc02-40d4-b199-7c005029a55b,Natalie Taylor,2024-03-11,60.53,0
daba00c3-4352-466d-ac72-bed857082571,Jeanette Chavez,2024-03-02,306.07,1
ea3fbc06-a2f9-480a-be1b-2d863f8e8aae,Seth Smith,2024-05-16,313.95,0
b6e541a3-2a6e-4ca7-9bec-c80a583be0b4,Roger Murphy,2024-07-15,367.64,0
bb208aaa-5dbe-459d-9d2b-16538625e503,Brent Harris,2024-08-19,455.91,0
08d9f75b-e186-47b8-ad11-4a9c7d6275d9,David Erickson,2024-08-25,293.69,0
2b7d8fcb-0909-493a-b002-f609c2a6b789,Bryan Reyes,2024-05-05,121.44,1
68c9f084-8133-4e63-ae94-e1f4007078bd,Michael Collins,2024-06-06,179.33,1
fe8b9687-5954-4df7-9be2-db8008b43474,Clinton Gardner,2024-01-06,108.46,0
1f1b12e7-78fc-43a6-9bc4-322ddc8a98f5,Christina Dougherty,2024-09-17,416.44,1
5d779761-dcdd-4460-829a-9626eab19bf6,Tina Maldonado,2024-03-12,117.84,1
4b3616c4-8d55-4a78-868b-9f20a9463bc5,Priscilla Scott,2024-09-01,51.19,1
dab34701-bace-41e9-bee5-c6f81fea851b,Matthew Bentley,2024-07-08,443.64,1
c6f52c18-3a2c-4a37-bc8d-82179435c20a,Manuel Berry,2024-04-02,189.41,0
7ca91fde-b1eb-4f19-afe0-f23687ae8281,Peter Cooke,2024-08-06,282.93,1
a5c8616f-0668-4a86-a820-07b31202d5f2,Stephen Crosby,2024-08-01,304.17,1
b36adbaf-31d0-4157-85c6-8ad25a2ba3fa,Debra Nguyen,2024-09-01,160.15,1
029e5834-e7ca-4d52-b0fd-4d3f079ea209,Kelly Maynard,2024-09-06,194.65,1
daf1b127-aa5b-4745-9dbc-cae35fe1eac5,Benjamin Fowler,2024-05-23,322.81,0
073a7e7c-a1fa-4149-8403-fda9a19c2c35,Kimberly Jones,2024-08-15,288.24,1
49610542-88a0-4e1b-9c37-1b605a0de5fa,Kelly Rodriguez,2024-06-09,225.33,1
48b33ac4-279c-41c8-b00d-b077becf7b2d,Andrew Winters,2024-07-22,310.59,0
c2292049-45b7-48b5-a549-68604eb90c5e,Calvin Haley,2024-03-21,132.59,1
db52f787-42c9-42b0-97bd-2b2c09d28194,Charles Lewis,2024-06-28,173.9,1
d191cc6f-c7c1-43ea-a2b2-53da0f9d5c7f,Dustin Callahan,2024-05-04,330.51,1
16b6c7de-286b-46e7-b8d6-bace93f1cc82,Stacey Gonzales,2024-05-28,343.93,0
373b0b0f-f29c-4d06-b383-746e5485be2d,Samantha Henderson,2024-07-13,486.86,0
8386f089-3e2b-407c-9727-dbf8e20a9096,Robert Brown,2024-05-17,434.94,0
f307773c-1cc2-49b4-839c-4118a1dc826b,Erica Tyler,2024-05-24,347.52,1
71cc16d8-d436-4748-b08b-95ec74d8a4d6,Mary Jackson,2024-07-28,276.99,1
50ce6d26-03fe-449d-9c1a-15e6983e7099,Eric Harrington,2024-02-21,492.78,0
36a99a1c-c2f4-456a-a2f1-96bbb69d5cdb,Ricky Hill,2024-08-23,484.47,1
01384dd4-0e48-4822-b924-59033e494fb6,Chase Buchanan,2024-09-17,42.05,0
dcc99fa5-3360-4d1d-9221-daf47d49c241,Hector Myers,2024-05-16,41.51,1
9c02dc76-a2dc-4570-bd20-dfa0d9b4ce37,Mrs. Ashley Patterson,2024-06-08,323.68,0
e4255514-e44b-4f0d-b3de-5204bdcb1155,James Flowers,2024-01-04,471.2,0
3e07e186-1ee3-46a2-8f8f-b76a4d9b284e,Terry Bennett,2024-02-01,54.94,0
5aadc4fe-c01a-40cf-80c5-42414b89be06,Gerald Romero,2024-04-20,59.62,1
1d4398ee-2d63-43fb-b8ce-a18ba78b72be,Matthew Williams,2024-01-01,256.66,0
c8043c70-9dee-453a-bf54-ae4cb3fbe5e2,Adam Thompson,2024-03-01,77.54,0
65a78127-e5de-4ebf-9dd7-43bf816429e0,Grant Cruz,2024-08-14,33.93,1
655c6c00-4d55-4f26-adc2-4aa2de7bfcb6,Abigail Gonzalez,2024-02-19,84.13,1
6072195b-1846-4fd4-8130-8dc86da08947,Joseph Cowan,2024-08-04,163.3,0
b3b2c6c9-5918-43ef-b768-8d4ebb6fd201,James Boone,2024-02-29,462.85,0
4ce685cc-d6ea-4ce0-a637-6d1d5927d8b0,Billy Lewis,2024-01-17,360.77,0
37b42868-13ca-4454-bd09-286fcea66d20,Nathan Taylor,2024-01-31,140.63,0
d07aad98-6c1a-4804-8038-a512882e70cd,Jerry Carpenter,2024-02-29,321.33,1
eef8de67-0fac-4281-af9f-c29ac8226594,Barbara Wilson,2024-02-25,479.41,0
417a6a44-a730-4d26-974c-b246dd4583a3,Michelle Yang,2024-06-09,265.29,0
e0e41e26-01cf-4788-9b07-ef2461a71308,Samantha Benson,2024-05-02,236.91,1
7dab4416-474e-402e-9de0-577f8ac13f20,Dr. Sabrina Watkins,2024-04-14,15.12,0
e53088e0-83a1-4363-9683-596daf346227,Michelle Bowers,2024-03-24,189.22,1
9c326535-d164-4048-8b50-ea5dfd12a98a,Robert Henderson,2024-03-01,142.1,1
eff59850-7622-40dd-b9f0-7dbc00ad26c1,Teresa Williams,2024-08-20,445.71,1
0fbdef18-557e-452a-baa6-06ea138df2dc,Jason Jones,2024-02-22,248.38,0
100a15f3-ddc0-4b67-9c82-7161bfd8c629,Victor Davis,2024-06-04,429.53,0
6352a9a0-54c8-448c-a291-f99e1ee3cf0c,Margaret Duran,2024-05-31,263.97,1
a55715a6-5c8b-4866-9dac-7bf8bbdd41f2,William Phillips,2024-09-05,29.73,1
d650edcd-9529-43a6-9661-bed035a86598,Rhonda Ballard,2024-06-22,87.52,0
22603e4c-c94a-43d7-b778-07f595ef590d,Andrew Phelps,2024-09-12,62.84,0
a8b59c00-23df-4dc2-a521-c2ddea07deaf,Charles Fernandez,2024-07-18,415.03,1
d09ca881-cd84-47f3-ab58-9387a2cef157,Ryan Ross,2024-02-26,358.04,0
e1054a74-bd9c-4d93-95ce-c3831aa2147e,Christopher Palmer,2024-07-25,411.81,1
e7fe391c-3569-46bb-881e-839c7b0727bc,Jennifer Brewer PhD,2024-03-10,311.54,1
fcda8c2a-fb44-4f0e-8a2f-5455dfc10305,Mrs. Nicole Chase,2024-03-27,459.05,0
4b12e440-5778-4c59-b88b-dba74a03b5e2,Preston Castro,2024-06-03,77.39,0
ac725b51-e374-45a3-8be8-7e650947964b,Debra Brown,2024-02-12,143.62,0
07e1671c-d682-4f3d-9b9f-72eb98ae58ed,Robert Miller,2024-09-07,484.34,1
a4957166-4d36-435e-987e-ac339162bcb5,Rebecca Riley,2024-04-25,392.33,1
a1963e92-3b6c-43f4-adef-519fcb9ad2de,Shawna Weber,2024-03-30,280.67,0
3412dff2-cd7a-49b2-95ea-24a6de1aee4c,Hannah Gill,2024-03-16,176.41,0
dbdb20b6-2af2-4a7c-8328-a5064ba56f54,Kristine Armstrong,2024-06-25,323.54,0
928698a2-bab0-4eb0-9e86-a1b3228404b6,Richard Hurley,2024-04-22,280.92,0
acfa7d9f-28ac-45f5-8b9f-a705980f93b4,Levi Patton,2024-08-22,10.4,0
14c67e35-62d9-4545-aa18-cfe8ab28ff58,Hector Cooper,2024-01-08,235.0,0
4aaaf0ec-7dfa-4d81-9f7e-e6e704d49afc,Mallory Palmer,2024-04-30,497.2,1
fa8f10d8-51a4-429c-b413-eb58a29bc334,Dalton Abbott,2024-08-07,302.71,0
8a780ca4-5548-466c-97f9-a18490b8f441,Stacey Gentry,2024-01-14,293.12,1
efcaf2e7-75d7-42f7-bbb2-6181493c4f65,Michael Carter,2024-08-03,299.74,0
36798120-1115-458b-9e5e-1e0130637adf,James Duke,2024-05-30,354.5,1
b223e5ed-ca24-4116-b85a-030e5e993acd,Steven Morris,2024-04-12,69.51,1
d3376bce-a68b-4459-9b19-712fad2e1080,Michael Robbins,2024-01-06,472.09,1
26503e08-759a-4168-a41a-fd50c2807530,Jason King,2024-07-29,230.16,0
2814dfc8-615b-4a20-91a5-6ad5ce6135ee,Cynthia Mcbride,2024-09-16,321.39,1
47f46e49-5a88-4154-ab9c-09892eacf563,Kelly Lee,2024-03-14,103.23,1
ba42bc87-30dd-4f2f-9992-7c25231464ea,Natasha Leon,2024-07-24,457.17,0
194a75da-f393-41cd-b37f-251aa61c2695,Karen Flores,2024-09-15,189.45,0
65e4eabb-97db-4ba6-a058-517ebe92cd30,Amber Reeves,2024-06-15,89.34,1
9e4cca24-07f6-4692-95f3-b80411e09032,Bruce Gallagher,2024-01-13,61.05,1
abea435f-a9d9-4b3a-a0b5-4703ad39a6aa,Joshua Stewart,2024-06-03,71.24,1
f773ff9d-b8c1-481a-882b-b77f5ddc4585,Todd Price,2024-06-09,484.55,1
ee92f11c-9dc0-477d-bafa-24f853f000ef,Lorraine King,2024-09-11,110.1,1
e20c82ec-73ac-487f-951f-f7f8a752fba5,Justin Molina DDS,2024-08-22,132.38,1
51592c81-daad-4188-b3fd-a9d103f44157,Ashley Dawson,2024-08-27,479.1,0
9b3a6ad2-7366-4be2-987a-27dcd57d63b4,Terrence Peterson,2024-06-29,331.54,1
58317ae5-e736-4801-bc3e-edb78b8da25a,Darrell Bell,2024-01-21,27.79,0
9a7e83b1-f85f-4dbc-9f76-fbbbcff0fcad,Ann Smith,2024-03-15,318.81,0
a09be9a5-6237-497a-ae3c-53d9baa1d394,Julie Hall MD,2024-06-27,37.84,1
905b79c4-dd1e-4a92-a751-63eac35fe9a0,Kenneth Hester,2024-02-11,24.32,0
8af4de19-2c09-40c3-ac9e-146389205ebf,Rachel Elliott,2024-08-12,304.63,1
793edada-cd20-4322-9247-df2ae7765f7b,Antonio Douglas,2024-04-23,397.11,1
329b0fa4-56f5-4d01-8b60-a4f0fe58a61b,Megan Cochran,2024-02-08,125.96,0
6c8eff3b-ec87-4fa5-bfb6-2290b6e13a17,Cheryl Day,2024-07-22,351.68,1
bf197ea5-3460-4493-963b-90c878312861,Jacob Cunningham,2024-05-12,145.66,1
ff165b9c-45a8-47e1-b463-fdd9313f36fe,Dr. Stacy Floyd,2024-02-10,262.48,0
aa2a616b-aa2d-4dd3-82bf-fd894d295205,Katherine Lane,2024-05-08,418.42,1
537b807c-0cad-434d-b2d5-36135d9eb541,Whitney Dennis,2024-08-03,378.56,0
d0f14791-92a0-491e-9dad-3a28f20c9776,Courtney Brown,2024-03-19,100.55,1
148c7759-1370-4a41-b642-ddceeba8bb4b,Robert Ramirez,2024-04-22,213.21,1
9e2f8f3c-776d-46e4-ad4c-7e6108c07bd8,Beth Sanchez,2024-03-06,417.28,1
598b2abf-29c6-496b-97c9-37f84af26e7d,John Dennis,2024-02-15,406.64,1
e21595ad-f13e-405a-b5e0-d0f986632b42,Jenna Gordon,2024-02-05,286.31,1
944fb556-5e1e-4b89-a5d9-3a380adf0346,Juan Hogan,2024-08-17,487.06,0
02476e6c-2bf3-406d-9ef2-1f8b7a95cc5f,Kelly Price,2024-06-08,382.6,0
60044619-9a97-482f-b0a2-f1187534eb22,Brett Bennett,2024-04-29,61.17,0
012ac793-f50a-49c3-ad80-b4c4f384d933,Suzanne Nichols,2024-03-09,336.98,1
590fef6b-1834-4033-b81d-15c1bfe0c8e9,Rodney Phillips,2024-09-12,476.44,1
387c19a1-02c6-4710-84f0-09571f92c51c,Henry Hernandez,2024-04-24,186.22,0
dc72e3d5-57fb-457f-adc6-72e2243092ae,William Rivera,2024-01-16,102.16,0
3d0ebdf6-b749-43b1-98aa-eca7aeab61f8,Kyle Ford,2024-08-08,455.16,0
c99629dc-a7cc-4e3c-934f-2d942089e57d,Laurie Wolfe,2024-07-19,491.71,0
4fb5f792-1778-4694-9caf-5910acb47ab3,Joel Hanson,2024-08-25,380.87,1
c1a9bb04-7773-40d0-9b98-a49de0f22d43,Amy Hendricks,2024-01-13,476.92,0
127f4bc0-5049-45c7-89fd-558bcb39ffbd,Paul Gonzalez PhD,2024-07-02,189.62,1
06d30e92-5f1f-405c-b8c9-ced9f97d9dc3,Craig Olson,2024-05-10,68.13,1
16e4b2d7-1f26-4e2e-955e-ce0231f27ba3,Tammy Black,2024-03-19,125.59,1
085e5fbb-b13b-4114-8846-cfda0ea699b1,Melissa Moore,2024-04-03,86.38,0
b3aa7f72-93cb-4598-980a-5ad38239ab33,Mark Long,2024-08-25,449.54,0
61a87c26-090b-47de-aef8-4d60d5681834,Christopher Williams,2024-07-07,263.34,0
23327561-5fe8-4ef4-b066-e082cb9a8cc7,Andrew Maddox,2024-03-13,59.67,1
338931bc-ea85-49f0-9c3b-bf7d5af65298,Michael Lopez,2024-07-18,382.97,0
b942cef1-4519-44a7-ab56-f7393687b021,Michelle Santiago,2024-09-10,468.07,1
e2b177fc-0875-4e9d-aafe-69a0f02edddc,William Fuentes,2024-09-02,70.83,1
f1059095-8a11-40ae-b6e1-c1133e56e0ad,Amy Morgan,2024-01-30,53.25,1
9f6332f4-9a07-4e6b-b55e-f8e1dc863225,Taylor Johns,2024-07-12,407.14,1
e4876f9c-826d-4ca3-848e-c830d5c72f6b,Jennifer Torres,2024-02-24,195.14,1
86c79f79-32f4-4536-98ee-376c49847e74,Brian Rogers,2024-09-13,59.11,0
977e7755-852d-4b34-9813-4ad599811fd9,Ashley Johnson,2024-05-25,439.05,1
5a9ae6fe-e414-4d73-aa1e-6bab5c7fc370,John Smith,2024-03-02,410.76,1
3477a47f-a72f-4ccd-99bd-8881de9c084d,Mark Harris,2024-05-02,401.59,0
2eefa90d-9410-4d1e-a9a1-76258853de47,Mark Williams,2024-05-26,57.3,1
49cf3ab4-cdf5-49ee-9481-9a48b085bb55,Steve Anderson,2024-03-16,336.25,0
b86a83fa-df7c-41f7-b777-abdfbc4d3ffb,Annette Williams,2024-08-07,434.98,1
314dbb95-feb7-49d3-b5cc-393b925a5d19,Charles Vargas,2024-03-04,223.95,1
1f9d2fb0-4697-4049-bab2-26bb15341a1a,Terri Weber,2024-05-25,209.18,0
ae2f8473-dd26-4d49-9826-76ccaa87595d,Brenda Conrad,2024-02-29,378.19,0
19f0c6ff-2e88-460a-b0b0-5b47250e02d3,Dale Rivera,2024-05-31,343.69,1
91a37826-8dda-498f-9bd2-978ec170a5de,Jason Schroeder,2024-08-25,137.8,0
1c507529-9b3c-4297-ba08-9025d615cd12,Christina Rogers,2024-09-12,343.82,1
d9d61bf9-2cb4-42a1-9da6-6f9731c7a127,Carlos Nelson,2024-01-26,50.55,0
d3dfb42d-d888-472c-af77-d08a2283496f,Adam Martinez,2024-09-13,346.55,1
db4ec91c-7baa-4658-bac9-bda8b0714895,Craig Taylor,2024-02-23,72.9,1
df5e08e8-7361-4800-9186-3b36dc39911a,Luis Stone,2024-05-24,249.88,1
3cc9c5d5-a483-4cb9-8af2-234b590cf926,Sarah Hunt,2024-04-20,149.09,1
97cdc555-17ba-484e-ae88-cb42d94a07ec,Michael Wagner,2024-09-14,260.74,1
1807e986-17b3-4ab0-b7c8-1a1960a38449,Monica Patterson,2024-05-27,103.06,0
9e7e78d8-fe71-4748-ba7d-8c056eaa1dfa,William Li,2024-09-03,21.4,0
0be705b3-8fae-4311-9405-fc0af199ad59,Cynthia Johnson,2024-02-27,297.55,1
e57c6bb6-8828-4568-87a9-f84177f21bf3,Laura Brown,2024-05-20,90.83,0
cf36a57a-90f0-4811-90e5-9ddea470141d,James Johnson,2024-04-24,286.39,0
fe70f7ab-b35e-4995-90b5-45448d1eb0ea,Elizabeth Miller,2024-07-01,497.77,0
367a4503-2db1-45cd-83e5-f26d5ab17a26,Jeffrey Schmidt,2024-04-24,139.21,0
a32c3d0d-e928-4245-8f5f-84257d4fbad1,Thomas Hicks,2024-07-20,477.48,1
844e95a7-9735-4b8a-855f-5aa42a43cac4,Mrs. Colleen Robinson,2024-02-11,68.36,0
0a303aad-e7c6-4a4e-90cb-35a028828715,Christina Gutierrez,2024-02-13,104.4,0
ed4dda0d-1831-442e-bc2e-b9d9d4990093,Nathaniel Garcia,2024-07-12,30.85,0
c9e35413-964b-445c-aaed-879b3d996cb7,Samantha Vazquez,2024-08-05,389.35,0
2a6c2382-31ce-48c2-9b65-80ea7300b70d,Mark Burnett,2024-09-02,180.27,0
bdb794b3-7ec2-4e93-b6cc-aeca0e066d1d,John Pearson,2024-04-30,23.18,1
9abd3b99-85ab-498a-9b69-da3e092167cf,Roberto Hughes,2024-08-25,69.66,0
086c9d2d-9558-4598-8e6d-e1af529460f3,David Alvarez,2024-07-29,84.44,0
eb85aa1f-ee30-4a60-8124-42c4f67e4f29,Donald Davies,2024-09-09,393.76,0
067f8854-7611-4133-9637-9f5f2add0974,Craig Stafford,2024-09-17,17.49,1
abfe0cf8-173a-4af4-86d5-1c706ecc9e97,Dennis Sutton,2024-09-11,482.59,1
5142971f-f0c7-47e6-9345-a2df0bf5dc39,Hannah Herrera,2024-06-25,111.49,1
d28fb376-d839-4033-acc6-9501f3d07c20,Emily Ford,2024-07-20,95.26,0
c0a8af69-cf57-4b23-8ac6-2ba998686212,Garrett Mathews,2024-03-22,80.87,1
b13d79eb-7aa4-4c65-b69a-4534a4de7d8d,Victoria Harper,2024-06-09,32.35,1
0b42ad99-434c-475a-b01a-cd2e1ec19473,Kevin Vargas,2024-03-23,450.19,1
d789df70-2ade-4e35-868d-a3cae0d6dba7,Jerry Roy,2024-01-16,482.56,1
a7433083-3547-4bfc-9640-086815982233,Michelle Owens,2024-04-21,291.77,0
f0126042-16a0-46e9-981e-2c077b2487cc,Miguel Robbins,2024-02-05,329.9,0
f78dc156-155e-4abc-81d2-793fc5e64082,Joshua Howard,2024-05-11,281.62,1
2c74b5f7-a273-4ce4-9886-8695bc0c765d,Ashley Richardson,2024-08-16,486.63,0
34e7f645-0ad9-423a-9910-c1ef9be82568,Sara Clark,2024-05-29,398.67,1
ff1bf618-96e6-4bb2-9498-d83f7eaea72f,Danielle Sanders,2024-02-15,194.7,1
64d9ec0e-e147-4bdc-b3cb-db9966b91fa7,Alex Rivera,2024-05-16,250.01,0
898e2268-27c3-4887-af75-3623a79e9c31,Darrell Ryan,2024-06-25,486.3,1
596a419f-de4a-4941-a2c3-1cf4ba92e602,Bryce Johnson,2024-02-29,462.79,1
d796659f-fa24-4756-b71a-f89f4c2ae0db,Denise Benson,2024-04-20,453.44,1
b26d4af5-e85f-41d4-95f1-188acae323ca,Stephanie Knapp,2024-03-24,217.0,0
44a53143-1a92-44e6-b00e-ba930f93797d,Chris Kane,2024-02-10,340.67,1
3b614e58-d1b9-4814-a9b6-044c4ec1c78c,William Logan,2024-07-01,169.72,0
ffdb8110-0140-4720-b19f-cc6aa0cbd013,David Brown,2024-05-28,338.64,1
82627a6e-6ac3-40e5-bb27-17203bd7c2ac,Mrs. Regina Finley,2024-08-15,256.77,1
c058592b-9e85-479a-b264-0fde768e2cee,Dana Shaffer,2024-02-11,208.33,1
847a49fa-7764-4112-88d2-7b38dff74262,Gavin Allison,2024-08-05,333.06,0
ded11d10-862a-4050-a530-9e484b6de02a,Michael Erickson,2024-02-21,446.49,0
f51dc229-8ca1-46a9-8ce8-a43ebf8b6f21,Jeremy Jackson,2024-09-08,46.05,0
8e0b7fe8-31d0-47a6-bda9-bb8bdaa5c4bf,Cassandra Knox MD,2024-03-21,426.42,0
a7286810-5e8f-4df5-b4ce-73b2fdf1f4fa,Kristin Miller,2024-07-25,408.24,0
6c50c6cd-7c41-4247-b57d-59f899102c28,Christopher Parks,2024-03-05,191.84,0
dfa682d8-c648-4254-bcc1-72c392d37fdb,Paul Page,2024-01-26,411.54,1
a4e8f54b-ee3a-493a-b734-d7e99a34c8ff,Hannah Mcfarland,2024-08-29,435.75,1
441b02d5-11fa-447d-b029-ae8a8d576c33,Ashley Yang,2024-03-21,478.99,1
45400980-714c-44d0-b2cc-5d69e5ff2e38,Linda Moore,2024-02-29,312.59,1
30fa6983-08d9-4a8a-80eb-6c0788b347bd,Megan Rangel,2024-03-27,369.26,1
928312d3-79d2-4653-bc71-4dc4cbee93fb,Phillip Jackson,2024-05-09,367.79,1
ce57d730-0b51-4e98-b36b-8df5704dd8fb,Joseph Valencia,2024-04-08,426.55,1
0dbc7229-85fb-47f1-85ab-e3fd597c6a76,John Johnson,2024-05-19,97.98,1
2383589c-f71f-4055-827d-c409f42aab2a,James Ayala,2024-03-11,351.31,0
fb91c059-cb89-44f6-ba52-d930dab54aec,Brad Brown,2024-08-30,83.55,1
52fd7846-4eae-4071-86cd-dda51a6a2ec2,Bernard Williams MD,2024-02-23,335.15,0
6ca981a7-f894-492a-8aaf-45e01acdcc70,Jennifer Moyer,2024-08-05,68.39,1
0fda4bc5-ade8-4118-8c93-d42953bcb367,Monica Bowen,2024-07-17,362.89,0
920ae24c-ddb3-4e60-86a1-efdd8e80e47e,Sandra Andrews DDS,2024-07-19,450.95,1
0434ff1a-8c3d-42b9-9d38-cb09307bbcfd,Laura Valencia,2024-06-14,411.0,0
14fd453e-8e46-493d-b42a-a4d116042480,Stephanie Johnson,2024-07-09,178.93,0
15240871-e7ff-4df3-8085-1c1c82020d2f,Christopher Horton,2024-07-24,25.46,0
803cea0a-6490-48c9-b5eb-88edffc9e81b,Joshua Parker,2024-05-19,29.03,0
7b39e77a-efd4-4d2d-8312-ace39f442be7,Karen Cisneros,2024-01-24,270.76,1
864bf47a-2d03-488e-9cfc-87f28ae45331,Rita Wright,2024-04-12,151.15,0
ebca96bd-8c34-49bf-8c09-1c70191b32c2,Marcus Bolton,2024-06-05,187.3,0
c54e6953-65a3-4b70-a3e4-839e7bcb78c7,John Walsh,2024-02-19,433.91,1
e44c8126-0672-44f9-ad54-3c14d7cf79ad,Sylvia Snyder,2024-05-31,186.41,0
ed4a9e30-6024-4490-8223-5a67d376b8a5,Tommy Willis,2024-08-01,173.33,0
7a2e08f8-9d30-4a36-b336-53168002fa8d,Carolyn Miller,2024-05-20,83.84,1
5311c7e2-307e-4a29-9c80-c11951d64e27,Jimmy Rodriguez,2024-01-21,357.14,0
1db1385d-6707-406f-b2d9-ec7efcf2322d,Steven Murphy,2024-05-24,387.25,0
a4c7f79d-2e50-4a4c-8436-8395c322441f,Jonathan Davis,2024-09-12,116.75,0
e6164d0d-28ba-4c07-87b8-233787564f0b,Tiffany Nelson,2024-07-10,69.79,0
61e40aa2-bfdf-4f3b-8468-2d440069364f,Raymond Rhodes,2024-09-13,107.15,1
511d0759-b24c-4fa8-b0f7-a11b0fcb527b,Suzanne Charles,2024-01-30,156.1,1
d97f4cba-4a3e-4787-9dc0-f86992f6694a,Oscar Burton,2024-08-25,470.57,0
b78b0891-eed8-4876-8e3b-6e69677deb7d,Sarah Morris,2024-06-18,420.62,1
d73d9972-a589-46a3-b453-b025faf0216d,Caitlin Stanley,2024-03-04,442.23,1
8ff407bd-58ab-417b-9264-895dd0cd2996,April Lopez,2024-03-26,84.42,0
84fa5bab-0b1e-45aa-8264-df3ee8061250,Ruben Irwin,2024-09-04,466.74,0
74060a79-cf35-4412-8adf-ed0451448ade,Olivia Morales,2024-04-26,370.31,1
763944fe-ae43-4c70-8ec4-2c1feca10ee7,Katherine Patrick,2024-08-04,92.48,1
8d7f7574-001f-4814-a23b-b2a0029ac8c3,Kellie Hernandez,2024-03-01,151.52,1
1900c1a3-55a8-42a9-a29d-f220a51b98ed,Jonathan Jacobson,2024-03-19,362.0,1
9749de58-9641-4ecf-91bb-a8b190fb31c0,Kenneth Estrada,2024-05-31,167.76,0
6b64fdda-ae6a-4e18-8a25-228f726cd924,Donald Garcia,2024-03-12,293.87,1
32ef7009-53f5-446b-ba97-f418f10664d5,Samuel Krueger,2024-03-30,285.8,1
d3088c9a-c98e-4951-be02-11474b7a31be,Linda Valdez,2024-02-06,451.58,1
e4a59cd0-fa88-474d-bca8-af9a83ae7013,Emily Bell,2024-01-05,153.09,0
67aa603d-6e8f-4ca8-a9fc-60d293dd7473,Frederick Strong,2024-06-27,461.09,0
fafe236d-9812-4286-990d-8dd12474e7ea,Douglas Aguilar,2024-02-16,90.13,0
aad48dc4-faba-40e6-b1f9-2625aecbf71f,Bernard Martin,2024-03-25,164.74,0
a276b235-8ab2-449a-90de-62b5c11f8275,Stacy Butler,2024-04-05,74.06,0
410ed3ea-3ea5-4ea9-82bd-f577ecf1d71b,Taylor Hughes,2024-02-22,19.66,0
1324198b-6d26-4bf2-b756-a0d9d5755437,Eric Hartman,2024-08-12,185.16,0
16a9997d-6879-49f3-8788-167c2374c604,Samantha Ross,2024-08-04,195.02,1
c2f14be2-8d62-46c7-b3fe-f55749b38801,Curtis Mcbride DDS,2024-06-26,411.95,0
6d35ed31-d578-4bbb-86b1-8ce909412257,Ryan Davis,2024-07-15,493.73,0
671a9297-23ac-43a8-ba03-25de2c9c6572,Evan Hughes,2024-08-29,408.39,0
6e5a2233-3cfe-486e-9403-640731354670,Courtney Avila,2024-01-10,58.84,1
0a025725-569b-47e4-b3ad-f8361a746cd9,Michael Logan,2024-07-05,454.69,0
995e2af9-c475-4c31-ab4d-56932c67e484,Joshua Simon,2024-08-17,167.85,0
c235434e-da1e-4460-853c-5804ba72db77,Melissa Richmond,2024-01-10,96.21,1
4f99be36-0a51-4dcb-8c91-cc0bbb289972,Ian Phillips,2024-05-10,112.49,1
d805f077-20a5-4082-b9b9-a35c7b227de9,Christopher Salinas,2024-08-16,115.47,0
c5683793-ec5d-4a3d-8f8b-b95f2e00c96f,James Rose,2024-06-17,329.18,1
9b8f980b-d881-49fe-bb5e-976220b45bf0,Linda Hernandez,2024-02-29,304.89,1
5c06a403-7f00-4ef8-b5dd-93bb8d99d077,Matthew Everett,2024-05-08,232.73,0
50286b3b-c8a9-44c8-9bf2-de1a99bf03eb,Sarah Walton,2024-05-13,381.87,0
6fa8858d-8cc0-41da-a5df-4bdd4acf7f61,Adam Fuentes,2024-03-13,160.01,1
192ed80b-727b-41fa-8982-5a4df283bb9a,Daniel Barnett,2024-08-08,81.32,1
dcb72b84-c707-42ce-b367-3425bedfc838,Heidi Schwartz,2024-05-21,390.87,0
cc47722e-aef7-4c2f-8e0d-68a3a77c94b4,Lauren Mcdonald,2024-02-05,356.79,1
c9b0d772-13c4-4852-882d-13bb2cd80041,Heather Patel,2024-04-20,70.17,1
bd23799f-4dec-4562-a355-6d08041f9275,Miss Tammy Wilson,2024-02-16,442.59,1
31a9a9b7-61c3-459a-9ce2-94e3a4382259,Shannon Wilson,2024-01-21,113.88,0
65334e98-eb23-442e-bddd-46d47c2d236a,James Sawyer,2024-05-09,289.22,0
1674efa7-3ad2-4bb6-a1a3-3853e07ea083,Zachary Patterson,2024-08-24,114.81,0
dc7c51f9-8f8a-44ab-9378-d7ebf19f6164,Rebecca Owens,2024-04-15,212.97,0
502d33bd-b3a1-4907-91e4-ce025baf3c8f,Nicolas Young,2024-06-26,480.67,1
ae557791-4fea-4090-a037-a2ca488c05b0,John Baldwin,2024-05-12,229.08,1
9a874f4d-138f-4e7c-a95f-187021684836,Elizabeth Smith,2024-02-06,280.26,0
f8f5df94-aaf4-4eb8-b054-920e0a13dbe2,Robert Montgomery,2024-08-15,96.5,0
6aa30f25-7743-42d6-8095-a587bbdcac6a,Christy Mejia,2024-09-08,424.51,0
703efafb-fc22-4a20-ba23-a45a127f9101,Sarah Duncan,2024-03-15,395.21,0
afc8fd96-72ea-4c4e-9976-2d5666f0fba0,Shannon Smith,2024-08-24,62.11,1
a595a521-2b72-4133-b32b-1781cb053446,John Smith,2024-04-07,270.0,0
241ae865-9d76-4af0-b670-b407cc73fd98,Matthew Singleton,2024-08-19,98.31,0
f809a96d-1220-4dfd-934f-ea5a3b574673,Tiffany Martinez,2024-02-09,152.15,1
93fa9cbb-3c62-49ec-b9db-e46e00714fd6,Carlos Lewis,2024-03-05,215.87,0
1bbaad1a-6b47-4db9-849d-22edaf81411c,Nicole Sanders,2024-09-02,355.68,0
d7b8ceb1-2bfb-4985-970b-9ac8add593be,Chelsea Carey,2024-07-17,59.09,1
51d28439-ff6e-46f8-99ec-16d5596821ad,Kelsey Estrada,2024-03-10,121.68,0
a58372d2-2008-47d6-9b39-9d428e787d42,Cheryl Fernandez,2024-06-07,87.32,1
78c5cc71-aa00-41cf-b19b-49664651ea1e,Charles Gonzales,2024-04-13,42.39,0
244d7494-d2e2-4cae-92f6-5c94eb93e41e,Julie Smith,2024-07-15,472.25,1
df63968f-8cc8-4f54-a90e-e26580e718ca,Marissa Martin,2024-09-12,446.26,1
80089470-e108-41c8-b19e-fc21bb40915c,Gary Hernandez MD,2024-05-16,467.64,0
fc5a1f33-6f6c-4ace-89ba-db185a084e6d,Kathleen Reyes,2024-03-08,206.04,1
46cf2b77-0900-43ec-849f-193c8ccce61c,Madison Gray,2024-03-14,428.62,1
42801ebe-2666-41ff-9c15-4955b4f6a377,Jonathan Harrison DVM,2024-03-13,325.04,1
159826a4-2ed9-4661-ba8e-d8085f6cc49b,Samantha Long,2024-05-29,276.16,0
95611ba7-a132-4701-bff3-f36e82971e53,Randy Drake,2024-02-17,164.44,0
65519849-aa21-4cf8-8384-928d9eab0b36,Diamond Moran,2024-07-22,471.52,0
045fb67c-0e04-43cc-ae58-4057c9d26247,Ricky Baker,2024-08-06,73.68,0
3f719384-7772-4fe1-b027-36c6d3e47294,Drew Green,2024-08-23,201.17,1
74a84a6f-c7ee-401f-ad74-f41cc0a98f05,Michelle Williams,2024-07-24,308.05,0
e218fb48-66ad-47ca-9bd1-d2c26ef59207,Dawn Williams,2024-07-27,236.61,1
7fe36dcd-720a-4ad8-a4cb-2effadf56e8a,Andrew Jones,2024-07-05,469.56,0
8e3e398c-e484-475d-8e67-ceb18658888a,Donald Ross,2024-02-11,471.57,0
cd726da9-8e6a-41da-b9ae-0e29bd46edaa,Anthony Stout,2024-08-09,233.21,0
3ade92cd-475b-47c9-af1a-261471380839,Isaac Johnson,2024-08-15,45.17,0
7512b369-6069-496c-9658-04c25e3d1ada,Wesley Garza,2024-08-04,462.35,0
afdca275-6bf3-4767-bac9-01fbfae6eefe,Lauren Morgan,2024-06-30,258.27,0
f290c497-563e-4e6d-b6b2-d5b7ba3791b3,Carlos Martin,2024-04-14,222.15,1
eb8fc577-e960-4fba-8d48-fa4de251cd36,Lisa Snyder,2024-07-01,468.18,1
ee9992dc-094f-4795-a79b-1431271afae8,Yesenia Coleman,2024-07-16,426.35,1
954df9c4-befe-4568-96cc-d04694246ad6,Angela Mclaughlin,2024-01-25,18.26,1
942cb6c7-85ef-4718-88d7-aab470aa4c9a,Brenda Peterson,2024-01-27,142.76,1
33e32983-a6ef-4d97-93fc-4df2ae26b893,Kristen Smith,2024-02-27,343.68,1
68b49361-770d-486c-b6d5-e60222cd9c81,Erin Villarreal,2024-03-03,341.22,0
4bdaa6a8-2215-4ed2-a547-5921e52487cb,Nicole Hughes,2024-09-16,263.24,1
06972abd-dca4-4938-80fd-7f63884ee7c4,Jordan Wall,2024-07-11,228.02,0
2a4c2df1-402f-41d5-9162-d80bd9426d47,Brandon Wilson,2024-09-06,343.93,0
42c223a8-89e8-4291-a7d8-4cd56bf9ec3a,David Moran,2024-07-02,249.63,1
ad93ab96-2104-4f7e-8d22-969cef5c3743,Alicia Brown,2024-07-25,204.21,1
cc0fa595-d8a8-464c-b085-65db145ce0ad,Brenda Anderson,2024-09-08,134.41,1
661442f8-05dc-46b7-8bc8-009e94c2df3a,Sarah Wolfe,2024-06-02,34.97,1
b416ec71-9a00-40f9-b1a0-3bed08b42e18,Brian Vargas,2024-02-07,322.56,1
aac00c8e-909b-4d71-9dbf-d1135ab35b51,Edward Allen,2024-04-10,213.4,1
26a7517d-6faa-4bf4-a17d-9bce3cc684f6,Ryan Jordan,2024-01-06,17.42,0
51b59114-572f-468c-b32e-63509352fb03,Matthew Stanton,2024-03-09,128.92,1
ebf38ab8-cfa7-43f9-9252-af124783f357,Christy Mcdowell,2024-04-09,207.04,1
e37fabaa-8640-4596-b499-e57d2a52fa3a,Rachel Curtis,2024-06-27,47.84,0
28ae9c39-e5f6-41b2-8ad9-818c40c2e573,Christopher Taylor,2024-01-12,253.45,0
a08a5802-3782-48e9-92f1-8b17048579bd,Isaac Morris,2024-01-11,77.63,0
7758c34e-fc88-4f5d-9899-b66a8d80982d,Laura Hoffman,2024-02-06,238.66,1
26152e76-4582-440f-90ae-9e589e35c085,Michael Wallace,2024-05-04,151.83,1
677459c4-b83e-47fd-89e8-12514f0883cb,Erica Hays,2024-03-27,345.32,0
1a8c1913-2980-4e31-af81-7a97bd799802,James Wallace,2024-01-31,305.45,1
e7bc9749-c6c0-43b8-a647-348b3e476ba8,Teresa Davis,2024-06-08,51.17,0
b9398d7a-ae7d-4740-a45e-742f0d9cd417,Michelle Duran,2024-09-02,357.11,1
c40cc232-b3bb-4efe-b258-c99b3aac84d3,Shannon Miller,2024-01-20,105.73,0
bf20bde8-c2c8-4eab-b811-c99567095576,Jordan Holmes,2024-04-09,345.19,0
d339be9c-3ce7-470c-b1ff-73e84608c7cc,David Nguyen,2024-04-19,433.73,1
c2e548c8-9d1a-4f4e-ab22-253ba082d329,Paige Hernandez,2024-07-24,110.93,1
aa191cf5-3cd2-4a55-b908-ed72e537b913,Lisa Browning,2024-05-06,33.51,1
368620d3-6dce-414b-8c51-59529e842c80,Kimberly Martinez,2024-01-23,487.17,0
d707ec6c-481a-4835-9373-b345aafea882,Sydney Santana,2024-05-01,85.71,0
67b7daa4-0bd6-4ff8-965a-0e756ce6ad0c,Kayla Gordon,2024-09-17,467.68,1
4a82157a-9bf0-4d0e-b7e5-ab1ca10ded1b,Ruben Kirby,2024-09-07,213.88,0
b5c7b3c7-0762-4c6e-8b02-76c94381ed2b,Patrick Nelson,2024-04-13,208.28,1
1c96252d-d1ca-4013-a264-cf21ff40c25e,Barbara Wilson,2024-04-18,12.04,0
11e148f8-d2ba-4350-98eb-bdb5b4413afa,Kelly Martinez,2024-04-22,363.65,1
ffeebb16-3aea-4836-b53e-5c9b361660f9,Heather Henderson,2024-09-13,240.37,0
66a9dda2-c989-4440-ab66-cee77c948b50,Miranda Ruiz,2024-01-17,347.05,1
0239a742-de3c-4e39-9c28-e62364c33721,Joseph Valdez,2024-01-27,25.14,1
3745df94-8dd7-4733-97db-be49c4c924e8,Jeffrey Lewis,2024-05-16,80.38,1
578a903f-0bf6-4f76-ad25-bf9938d16625,Tyler Hansen,2024-02-20,291.96,1
c98ca26c-96ee-4d22-9a8a-ab88c823ed5e,James Harding,2024-02-05,339.33,0
1b7e27d2-0c8e-48d9-a040-efa33460df76,Mark Farrell,2024-02-29,86.15,1
d7774bd0-88e5-4215-b977-f2c7496cf27d,Meredith Berg,2024-09-03,260.34,1
9ee06a47-a348-47ad-b144-7cb4958ad77c,Wayne Mayer,2024-09-14,67.96,1
7da12bdc-f9cb-41e5-814a-e1dd75373c9c,Janet Kelly,2024-01-31,55.55,0
46b3ada4-c3e7-400e-990d-25c9a4974f4a,Bonnie Mccarty,2024-09-08,236.55,0
87fba1b9-c5d0-4e0d-bec8-59d2c1486e61,Michael Chan,2024-06-02,230.08,0
07c0797a-2b49-4495-9f8d-279315ef4eeb,Gary Franco,2024-08-12,466.92,1
5a47aa68-4ed8-4de9-9060-1de9f758f018,Maria Gentry,2024-04-09,390.23,0
eab661f0-1b64-4822-880b-2238d8936f90,Jay Barnett,2024-07-30,444.67,0
47256cc1-37b8-4856-a1e2-dc930c667214,Michael Berger,2024-06-19,391.62,0
ea217743-fe64-442a-be3f-3e373784c604,Jenny Martinez,2024-05-19,449.08,0
3d230589-e296-42d4-b123-400ddc984df6,Charles Marsh,2024-02-02,392.39,0
aa73e020-2f70-4550-b62d-62f9565ed156,David Tran,2024-08-26,482.5,0
963ce914-3e59-475f-a5a7-e194a60cddf7,Mrs. Monique Phillips,2024-01-07,429.23,0
1a766a1d-6c98-4fc3-bae9-367136275706,Dr. Cathy Martin,2024-01-28,232.65,0
54e6b3b0-1fff-4304-a32f-30221273048d,Joe Pace,2024-07-08,158.82,1
1040198d-f77f-4a8a-8b05-2f0b8d9491d7,Jenna Smith,2024-07-06,378.57,1
b656049b-afd5-4f73-a1e0-ea4369ead158,Nicholas Martinez,2024-04-09,81.26,0
d307652f-4ae0-4680-aaf2-c08a0e10ff0f,Kristin Morgan,2024-03-18,109.25,1
5651556c-c4b4-4618-bc1a-a8ce4575ee5e,Carolyn Benton,2024-05-16,194.79,0
371b944c-cfb0-4b89-b499-e62c95615689,Bryan King,2024-08-15,84.41,0
bcfe6f8f-b013-44fc-b4d7-8e7b7c6f8349,Chad Duran,2024-03-12,328.07,1
d936fdf2-b483-41f3-ad5a-09b8f26fd225,Erica Reed,2024-03-22,218.16,1
40ff6019-9951-4292-a77f-057b45c6d09a,Bradley Allen,2024-02-23,449.88,1
1797f66f-42b7-4f80-9cf0-26c37c255ca5,Troy Spencer,2024-09-03,389.11,0
5286f2d8-e756-4c50-bf58-801c8e3028fb,Luke Boyle,2024-01-24,269.7,1
8623210a-c604-4a53-8469-95097c245b69,Kimberly Smith,2024-03-11,270.69,0
1c6e120d-5803-42c5-8c6e-b8fe12ea49b7,Joyce Walker,2024-05-03,192.4,1
794cd9df-4432-40d5-97ca-ae126ea04d5a,Richard Gutierrez,2024-05-08,98.76,1
575cc16f-a26b-4c4b-800d-b205b6824d1b,Christy Hill,2024-01-07,23.7,0
a97e1a1f-ee42-4bc2-b488-8d510ba5e63c,Sarah Brady,2024-08-13,241.44,1
fae16def-ae5f-424c-bef2-f34958600480,Gary Gilbert,2024-07-19,248.63,1
25f9a51c-e89d-4d8c-80d4-48441d443bed,Matthew Duran,2024-08-05,287.77,1
7b6469f8-c74f-48dd-90a3-30f1f0d0f39a,Steven Henderson,2024-04-01,102.37,1
0cefc600-a972-4b7b-8cce-ecb2fc2ba376,Ivan Phelps,2024-03-12,368.24,1
68b29287-4354-4ecf-807b-ec35eba8d44f,Morgan Rose,2024-08-02,385.96,0
7379e96d-560e-4ca0-a46b-64ff5c87f9d3,Shelby Paul,2024-03-01,161.76,0
b7affaf5-0377-4e73-901a-7dc7b6803347,William Peterson Jr.,2024-06-10,302.47,0
deaaf52e-704c-4167-951d-7ad097270909,Jennifer Hamilton,2024-07-29,111.63,1
80bbb033-49e1-43e7-b0de-f05741c89f4a,Dr. Michelle Smith,2024-05-13,446.48,1
c7d4bbd1-9f51-4290-bf6d-33b4d8aee99a,Stacy Ward,2024-08-20,254.15,1
dd08ce67-a0c0-4e75-ad5f-f5467b1618f8,Carmen Diaz,2024-08-17,134.06,1
3a59aa07-5148-45a3-b93b-e793e57d7eea,Marissa Smith,2024-05-29,119.16,0
e2588af0-e0ab-42af-a0ec-69939760c0a9,Nathan Delgado,2024-08-21,467.46,1
c228965a-a61e-45d5-babd-516dc279b1cb,Gregory Johnson,2024-04-18,141.74,0
b8df7e99-b51f-4904-9145-763e695d8b68,Jason Rodriguez,2024-04-11,251.96,0
1f5f4629-f3dd-44c4-9c61-460312167a07,Christina Golden,2024-05-24,283.0,0
52b5440f-ad8d-478b-9ae9-051bd19d92c2,Jonathan Johnson,2024-01-22,492.69,1
2bd477b1-e61b-4a18-b290-bc3f6d09b614,Kevin Scott,2024-04-20,336.08,1
c31ef3cc-0d93-47cf-9f7d-664d81f9b67a,Jacqueline Mason,2024-08-08,30.41,0
38b39fff-1021-4244-a0c2-d817091c15cb,Rebekah Silva,2024-04-01,164.76,0
8689f981-26c1-464a-a17d-48b626448ad2,Joshua Gentry,2024-03-02,470.99,0
c3635ed4-a4b0-45af-a70b-16098bf7b3cc,Lisa Harper,2024-05-21,242.08,1
729758ed-47f1-4f99-8672-15c4a83ae0c5,Phyllis Cook,2024-03-11,324.65,0
cdbaa607-5352-44c0-99bc-467192b663d4,April Cole,2024-07-30,274.93,0
80ce2350-7dbe-4d29-b10b-97b2726938a2,Theresa Petersen,2024-05-06,70.12,0
489ad612-1230-4610-bcc5-0542f0fc8bd0,Ryan Davies,2024-03-10,440.01,0
51f6c0da-36a5-4aa4-8c5f-ec0412bd2edb,Debra Woods,2024-06-06,321.05,1
fd848ca7-1c92-4c04-9299-53c5ca34bb60,Tonya Blake,2024-05-25,455.13,0
bf876712-0e38-429a-a176-54a679dcf3ea,Riley Martinez,2024-02-16,231.51,0
b0993e12-0232-4be3-905e-45829573dfeb,Samuel Miller,2024-05-26,223.41,1
af202b37-9835-4b52-a69c-a7765d027a40,Chad Clark,2024-08-11,352.32,1
e3358173-8c2a-402d-bb42-a253acd54423,Jon Martin,2024-05-01,224.23,0
c03a8254-c2c8-42fa-84c5-d44810f88262,Douglas Peterson,2024-02-01,113.5,1
5a80a994-9deb-4bc6-86a4-52d53ff22aec,John Phillips,2024-06-07,477.4,1
abeb2d9d-5687-4a26-9488-54ae13e3d41a,Christopher Parker,2024-04-01,112.48,0
9d6768aa-ffc5-4b25-9f99-74817d3661f6,Brett Lewis,2024-01-14,96.71,1
7b0ebc2a-3dbc-43ec-8ef5-68cf4bb5fe36,Austin Phillips,2024-01-31,209.47,0
068c4bb6-4fc4-43ba-82f2-bc75bf4e3464,Aaron Brady,2024-03-26,258.88,0
fb595e95-1751-43ed-92a0-f17ffac1dbfb,Anthony Barnes,2024-08-26,14.3,0
629b37b9-4b3a-436a-a8ac-125e73a38438,Amy Blanchard,2024-01-06,254.16,1
b86a2349-5a4e-49d1-83e7-54ef287b1910,Brian Watts,2024-05-13,135.95,0
627dd504-eb41-44ef-8c5b-562cc841d2ea,James Francis,2024-06-12,124.41,1
54d4ac19-9dda-453f-8e7a-fce0709a35bb,Lisa Mcgee,2024-03-09,108.79,0
fccdfb5d-002b-4fdd-869b-b3f2c08ef873,Heather Nguyen,2024-06-12,468.6,1
4de334a7-192b-4795-9297-055025057b0f,Linda Harris,2024-01-17,90.25,0
02a2b0e6-8714-4286-bc45-f1bf25ef41e6,Joseph Huber,2024-08-22,470.21,1
3e5f51a6-edd5-45e2-95d5-a32206a3f54e,Angela Harris,2024-03-18,481.74,0
597a1a52-efae-4361-8256-714544899e62,Michael Smith,2024-06-19,368.94,1
6babbbcc-0ecd-4bfc-a39f-64e5b3f4d0e9,Raymond Morales,2024-06-13,152.95,1
e1af625f-119b-4c62-a55b-b3a553f49e51,Kristen Bailey,2024-06-27,362.77,0
af4db538-6f9b-42f1-9f58-b0cb5c1c52f4,Kevin Hernandez,2024-03-14,471.25,1
05ee3cd0-ec7b-4cfd-828d-5142e4d7991a,Justin Yates,2024-05-07,230.2,1
45d60e32-3885-4690-af52-dbd464e0d017,Sabrina Johnson,2024-08-12,449.35,1
15a9cff9-7091-4fb6-b90c-9056b090f8d4,Timothy Gonzalez,2024-01-03,262.27,0
bad6f5b9-7276-4b37-b666-372f7ee7e217,Patrick Roberts,2024-04-09,256.82,0
c10aa299-6186-4384-872e-a01c7c5b8573,Heidi Hardy,2024-06-08,136.78,0
064c424b-6e77-4461-9a4b-0db5fe989c16,Julie Haynes,2024-02-20,181.93,1
bdd2fc03-6690-4698-8049-a82e661fddcf,Justin Maddox,2024-03-01,293.69,1
4476d962-27d6-4b47-99f7-ce92a35dd148,Carly Wilson,2024-04-08,296.78,0
28e1c1a6-c4de-4795-8a1a-31269de46b36,Isaiah Rivera,2024-08-14,102.5,0
6c0d20ca-a1f9-406e-b349-3213fca6b087,Gary Adkins,2024-05-08,171.95,1
b499c67a-b4ca-43d1-9b4b-871a09309dc8,Heidi Williams,2024-04-19,247.06,0
0e1dc6b1-ac49-4dfe-a72f-ff81d12b8fc8,Hayden Smith,2024-02-08,434.82,0
7dcc7e58-4279-4273-ba58-9b08281a1657,Jonathan Ferrell,2024-05-23,178.46,1
7dd11bec-6e4d-4864-bdff-26a31ce78b92,Joshua Ellis,2024-03-31,324.15,1
38460631-1fd7-4769-80fb-35c90eec7daf,Steven Kelly,2024-04-21,379.13,1
aad73e6c-a1d9-4c78-9895-c772e576caf1,Matthew Moore,2024-03-19,432.2,1
7c6b512f-5932-46a7-92c2-f3935d66748c,Andrea Nelson,2024-09-13,447.2,0
9fea2905-3493-4e3a-997a-0d258fb6bddd,Cynthia Smith,2024-06-23,463.35,1
d1c01794-4681-4c0d-8959-6f21a526297c,Cynthia Johnson,2024-02-16,95.86,0
3307a976-35c6-465b-9619-c322053225f6,Kimberly Ruiz,2024-04-13,137.48,1
8a6c1625-110d-46a8-813f-148ff3f235ac,Brandon Anderson,2024-03-28,13.1,0
39639332-c0d9-4f09-b8ab-48d145d7e40d,Jared Skinner,2024-04-20,167.06,0
5c00140a-03b0-48b9-953c-f48b3ad7abc8,Yvonne Jones,2024-04-08,106.58,0
64744fc2-3db3-4732-b9c7-9f24f4f3bc60,Monique Jordan,2024-06-09,290.64,0
ad317d66-98eb-4c58-8ca4-6ecab6a33fb7,Vincent Smith,2024-04-08,390.62,0
3dc2f163-60dd-4e1d-bb90-87e7fcc4b7ba,Dana Williams,2024-06-17,62.91,0
862d4f5b-d16a-4cdb-85f2-7903909cdde0,John Cobb,2024-09-09,461.78,0
fdc98e7c-12e8-46ab-9aec-57ac7bf2ac36,Tracey Erickson,2024-08-03,140.05,0
d6433709-3c75-450f-aaba-ce702264a9a6,Terri Taylor,2024-05-12,232.24,0
ba3d3910-6f1f-4306-8d60-d185b6d02bbd,Charles Wright,2024-07-24,446.91,0
52072590-aeab-4a16-b00f-ee90166b3df7,Melanie Acosta,2024-07-07,39.53,0
de66bea6-09e6-4ba3-bc63-81192b4f4b75,Michael Hess,2024-04-04,32.1,0
7d7cf395-c394-4284-aec7-1cc60bf2e3bc,Stephanie Owen,2024-01-19,432.26,0
ba5a37f4-d855-4919-9e1c-0234d4d35f9e,Rebecca Rocha,2024-06-07,82.41,1
9da9b8c7-72c4-4e48-8d81-825653608bc4,Brent Anderson,2024-02-25,74.16,0
105feec5-5c4f-473c-b760-21393e8ebee9,Christina Jenkins,2024-02-13,350.57,1
f83dad4c-15dc-4fbc-818a-41f16d268e62,Kimberly Carter,2024-06-05,197.83,0
452a0464-4f54-4b88-90ce-9753a1f9d460,Autumn Higgins PhD,2024-03-11,262.33,1
f2cf763f-f40c-4e3b-95db-248716ea7865,Troy Hayes,2024-06-08,314.22,1
57de1cee-15f8-4e69-8c07-661e5dfc72b5,John Lyons,2024-01-31,270.5,0
d85d4146-c90e-4271-9c7e-778ee690eb9b,Wesley Zuniga,2024-03-02,212.0,1
68babf68-b8b6-42d6-a863-ddf8bf776e9c,Matthew Burke,2024-02-01,13.5,1
0f4603ae-3cd2-40a6-a7f8-17965cc637b8,Jennifer Huerta,2024-04-21,464.94,0
b56fb38b-87d3-4d72-85fb-5491bb593320,Margaret Adams,2024-08-22,321.79,1
216b9ee1-036c-40fa-a9d3-d7e46a720052,Alexandria Richards,2024-03-25,20.22,1
703c824b-d046-4bdc-9fd5-bc42a6256289,John Lewis,2024-08-14,148.38,0
9cbf9a41-25a2-4359-8112-6c7f239a4c90,Carla Taylor,2024-03-02,493.67,1
7c5ea7f3-dd4d-4ab8-8ad8-8ca10c1a71ab,Darrell Stevens,2024-06-10,366.62,0
2e9fb6c1-02d5-4e61-a575-be59a5e7745a,Ashley Perez,2024-03-21,134.95,0
343ce431-8e00-452e-9a89-c921dab2679f,Austin Robertson,2024-06-18,101.34,1
243701fd-9415-46c8-9fae-98fb441dc4cc,Valerie Lane,2024-01-15,435.88,0
438974d8-0c1d-47ad-88a8-5c7cd0673406,Amanda Thompson,2024-08-19,170.14,0
eda9419b-5294-4824-97e9-f7bfb70cf595,Dale Long,2024-02-12,253.23,1
30b093d5-4c54-4eda-968a-62b99aa57680,Alec Jones,2024-06-20,470.6,0
fb36be7d-ec2a-4aac-a48e-d6c72003557e,Anna Gutierrez,2024-03-27,340.8,0
6225ebde-e4cf-4df3-ba0c-02d44a2ebd14,Christopher Mahoney,2024-04-02,326.48,0
e80a94fb-6201-4362-bdc6-9e83834f6036,Mary Arias,2024-03-22,94.82,0
0fcdc49b-1ba6-4cc9-8fd6-8f8af6164b4a,Tamara Estrada,2024-02-11,421.26,1
12d91846-7c35-43d4-a9b3-30b982ab89f5,Joshua Clark,2024-07-13,203.98,1
305383ce-b899-4536-aa41-a2a1649facc4,Nathaniel Carlson,2024-09-01,87.46,1
b5f99257-2a96-4af2-9b2c-f203ef0c6cdc,Dana Castro,2024-08-01,287.72,1
00a02a57-3b55-4797-8643-0dd9517fc37e,Marvin Moss,2024-03-01,390.84,0
57f9b40a-14e0-4caf-b660-ef49a82e3e23,Daryl Jackson,2024-07-08,212.7,1
bd85fff9-e4e2-4a90-a479-5419178936bf,Robert David,2024-04-06,74.9,0
cd525efc-4c89-4b90-a9ec-90acbf79e1ad,Christina Gonzalez,2024-04-14,137.41,1
280af2d6-9c35-4ab6-80c2-e6a6b63bd6a9,Aaron Hall,2024-02-17,74.12,0
f5d000ab-0556-42cb-978d-849c2e1dac0a,Brittany Walker,2024-06-30,113.17,0
b80b81a1-15f6-47aa-bacf-37c78f2cd1ca,Mr. Kevin Ayers,2024-09-11,286.34,1
b496d05a-58e1-450e-8505-2c71c7c291d7,Brian Cook,2024-05-20,83.29,0
332f025f-6fda-44bd-a4fb-8c8a27ffc88b,Sabrina Barnes,2024-03-08,89.83,1
00e60ba7-9303-4bc5-ab39-eafe7ede8978,Matthew Torres,2024-05-24,96.23,0
134c9fff-4bdf-4a81-b7b8-a2f071b72efe,Gerald Sandoval,2024-01-22,458.8,1
846a50be-1b22-47c4-b483-f2749e64f25d,Mark Rodgers,2024-07-13,180.37,1
e1c2b75a-e79b-48c2-ac44-8f39a11d1084,Christopher Gonzales,2024-05-16,46.55,1
b69b6e8a-aec5-4c17-b36e-957da246e2a6,Logan White,2024-01-16,191.47,0
28320e12-edde-4649-94d6-c32bd41cb123,Debra Mason,2024-06-18,86.75,1
e17a65e5-1a1b-4609-b805-cd308ff19768,Kevin Garrett,2024-07-10,445.42,1
8d417996-1d02-4580-a4aa-0054a2729608,Charles Horton,2024-03-21,151.46,1
e979bed3-65c0-417a-91d2-a02ba9f9b001,Andrea Freeman,2024-01-29,52.07,1
41ea04b1-a880-43c7-80f3-da578e6ac67c,Kristen Smith,2024-06-09,261.14,1
18716baf-82c2-4f92-98b5-da1c01cc2b4a,Hannah Collins,2024-05-30,333.81,0
4bcd2ecd-c9c6-41d4-ba59-d4bacf15849f,Nichole Davidson DVM,2024-09-07,207.15,0
f80d5270-1d63-43e6-83ca-343bcd07145c,Eric Moon,2024-08-02,441.03,1
b159502d-6e63-4a41-b135-7b4ca7f4ffc7,Leslie Khan,2024-01-06,19.6,0
1437282e-9e9c-441c-890a-dc91a40493af,Lori Reynolds PhD,2024-08-04,85.02,1
4aab535c-c45e-4ce0-8da6-2d2c773519c5,Michael Smith,2024-07-29,419.74,0
85389bd3-23bd-469b-a1ce-2032754f61d8,Larry Collins,2024-04-27,14.78,1
94e3443f-0db8-4627-a768-4dc1b424f05d,Phillip Glass,2024-08-01,130.62,1
c2c94d17-fd20-4017-bc22-abcd499e608b,Dawn Pace,2024-05-30,30.28,1
73353f8e-8656-4af6-87f0-c69a33546527,Jennifer Mitchell,2024-05-07,342.94,1
9d7d5360-2bbd-4737-94a6-f3e3f1162d91,Breanna Gross,2024-03-30,254.12,1
7745dfa8-f975-4f14-b460-c060cfb6188d,Joshua Riley,2024-08-16,458.16,0
441452d0-5e73-4570-982f-dd67e6d9d34c,Matthew Henson,2024-03-08,279.9,0
62a8c390-3983-4e89-83b9-bc8d52203183,Maria Miles,2024-02-07,82.3,1
9815b1fc-6a85-4fe3-ac56-adae6bbf371d,Charles Mccall,2024-06-10,166.83,0
71fc8352-d37d-4e96-866f-021b26e3fdbd,William Willis,2024-05-07,210.37,0
46e734d0-01bd-4ba5-be1d-c809285ab9ad,Richard Cummings,2024-02-16,210.88,0
04c350ee-d379-4096-9438-670e2ddc133b,Jonathan Gomez,2024-02-01,96.75,0
5b2a35e3-70b2-4f4c-b3df-a82ab2380b05,David Simmons,2024-06-09,308.98,0
ce563a3e-1a12-44f3-a847-8ec1f517c46b,Tricia Craig,2024-05-13,443.17,1
d7a4172a-dc3c-479d-9126-58a2f88d23dc,Brenda Shelton DDS,2024-07-11,274.61,0
71ecd303-f748-412d-be3a-aa1e8c559476,Tamara Chavez,2024-07-17,211.88,0
11f3397c-0f6d-41d7-a125-cd966d717768,Joshua Thompson,2024-05-28,417.36,1
a4117039-b70d-4c16-85a1-5356864ff4d1,Ann Nash,2024-03-21,329.16,1
5cbcd386-6bb2-4f3d-bc8f-aa7a857a7dd8,Tiffany Taylor,2024-07-29,169.21,1
573f326c-7887-4ff8-9858-d60a72d1cf1b,Daniel Roach,2024-08-10,104.63,0
eaaf5656-5b75-4135-b746-32ab1bb6109d,Christopher Lewis,2024-07-18,425.72,0
afcd22a7-8999-410a-b1d5-beab4c511684,Michael Santos,2024-07-07,200.03,1
9e59c6bb-7bc0-40ad-8f00-8dd4361bf09b,Luis Finley,2024-02-01,315.44,1
c45bb661-c8e0-47df-a00f-e7d5580c57db,Kimberly Walker,2024-08-14,269.71,1
007a79e5-0599-4463-836c-e377a7497b15,Lauren Hodges,2024-05-03,171.28,0
2313d1e8-712e-4dd2-84ef-03ebfa8704e3,Michael Cruz,2024-04-20,357.25,1
bd0f7620-d160-4e2c-92dd-6be52dc42eb4,Marc Murphy,2024-05-02,31.16,0
026c078d-2961-4b7b-bdf1-7688836a55b0,Michelle Hicks,2024-07-11,308.49,1
69fc6daa-f003-40ac-a536-af13a672f6a7,Tonya Mcconnell,2024-09-03,475.22,0
7ec5ae1e-451a-45b5-8a46-9eae79302628,Eileen Gray,2024-02-27,42.4,1
3d99e997-e7c3-4f8b-8e3e-d985a73bd635,Sara Jackson,2024-01-18,289.57,1
fa60fc08-1325-4e30-8ae2-cbfd156e6d93,Melissa Scott,2024-04-07,159.57,0
9a4f548c-f204-4c79-b69f-8e56e88173a4,Clarence Thomas,2024-06-04,34.75,1
822e1547-a6a5-417e-bb17-73149346f768,Daniel Weaver,2024-04-25,374.82,1
23f34cd0-b416-464c-8bb4-e4209be058ee,Jacqueline Johnson,2024-02-27,417.92,1
4fd3df5d-e024-4c85-aa34-237e3554ab4f,Joshua Taylor,2024-04-15,27.3,0
29c7b5bc-7475-424f-a451-f1ef4c81f580,Lisa Eaton,2024-03-27,434.71,1
2260b820-a7b7-4bc0-ad31-d03bd895e5dc,Bianca Sanchez DDS,2024-07-21,491.95,0
4f8f9277-9174-4057-8778-548cd2534b02,Elizabeth Tapia,2024-06-15,128.76,0
43db40c9-7ec3-4074-8eb0-3a9cea61462f,Steven Ramirez,2024-01-11,373.81,0
7eac20ca-d3b9-47e3-9027-0eba25df9bdc,Cody Scott,2024-08-17,281.21,1
b4cccefe-68c7-46ab-8b48-6d3233dea13c,Charles York,2024-06-24,300.52,0
0fb727fc-c942-4111-9114-228ea1037407,Christine Mcdonald,2024-03-16,413.06,1
05ccb9a6-0b73-46b4-98e1-98190f20a70c,Billy Martinez,2024-02-15,66.79,0
06e9459c-b9cb-4718-8a7c-e8d0755170c8,Alan Humphrey,2024-04-06,468.95,1
5d3d72a2-c316-4d9f-9317-fa5f865e4646,Tiffany Smith,2024-09-02,230.62,1
8fa57b11-b8bf-4561-8b13-4e11df87264a,Alfred Aguilar,2024-01-26,346.83,0
28ed7362-4ffd-4ab7-b49e-533e618ca0dd,Barbara Jackson,2024-08-29,280.27,0
78060362-fba9-491d-b478-5e7dc57706bf,Ashley Davis,2024-06-24,44.62,1
0827c67b-a178-4315-bb1d-0f65aa79e40c,Timothy Young,2024-04-23,482.59,1
7e4afdbc-4916-4f04-8c00-b8adfa14dd88,Monica Christensen,2024-07-30,300.08,1
65f342ed-2abc-475e-85c0-ace532eb2dbf,Mark Nichols,2024-08-15,382.78,0
7dced855-3a64-455f-95e7-89faf3c9ac61,Christopher West,2024-01-23,37.4,1
207a315b-e5a0-45bd-8d83-9756faf4b8cb,Lori Wright,2024-05-02,479.23,1
ce9128b5-3e94-4d43-a7d8-656132eed057,Natasha Walker,2024-05-05,355.24,0
c8d5bdb3-4a8c-42bd-9588-902523bba249,John Jennings,2024-06-15,51.25,0
269d9b0e-92be-4a28-9ab7-fd66263168b6,Chelsea Hart,2024-04-10,236.13,1
754a82b7-d525-437d-b4cc-fa21edac2273,Timothy Gray,2024-05-29,124.15,0
d33d164a-d80d-4ec4-9890-d4b65868c400,Larry Watts,2024-01-15,329.28,0
23f271cb-b779-4a20-8d49-2fa79732b228,Kyle Avery,2024-05-03,377.3,0
7c94e15f-1221-4a91-9340-77fdde866881,Paul Johnson,2024-05-24,375.84,1
8cf47e9a-d0b6-45bb-81a3-68326c9e5ce3,Vickie Calhoun,2024-08-17,66.91,0
f4f50ec9-6a13-4c92-becb-1ac55d185b60,David Stevens,2024-06-12,41.31,0
495ce325-bf66-4ddf-ad5c-c2bce5db1179,Jeff Brown,2024-02-05,39.83,1
ba060e87-e6c6-49a5-bdda-4f61d3443f5d,Caleb Gutierrez,2024-03-25,129.86,1
e1e22b84-132a-4260-aed4-a845c1c500bb,Eric Walker,2024-07-15,230.67,1
19ccb5b1-75fa-4b1a-a822-eb5d5ec77cac,Ryan Esparza,2024-07-09,381.94,1
2f8e3b04-a40d-484b-b032-dd0d81b60f09,Thomas Kelly,2024-07-08,446.69,1
9fc24883-d149-434d-b65c-bb5deceb8dbf,Jay Burke,2024-07-22,454.32,1
3359acdb-979e-4b42-a833-8d22a2a49bdf,Gregory Bowers,2024-03-12,27.5,0
1d46c5e4-cad3-4591-9906-266f6181e37b,Kaitlyn Johnson,2024-06-03,321.78,0
b2bb6fbb-91e3-4032-bdad-15a08f10c805,Melissa Whitaker,2024-03-25,34.97,0
b5e07025-d562-4061-a9a3-80985720aa04,Jamie Murphy,2024-02-17,275.08,0
a7cdd7d1-7589-4dbc-8ea1-fc774d9f3ba6,Devon Patel,2024-02-27,156.51,0
63b1d640-b1af-4bed-a639-59ce6d76bbf7,Paul Roberts,2024-07-23,333.82,1
8b89cf00-1dff-4c4f-a619-00d5b2803cce,Debra Williams,2024-08-22,38.27,0
b64c7cee-f287-4801-8978-30412c017168,Jordan Stevens,2024-02-02,50.71,1
3c7d4807-0d7c-4f42-b412-15c6ef153ab2,Michael Mitchell,2024-02-21,238.73,1
7c5acafc-e4a1-427a-a7bb-a51128c5009d,Kenneth Davis,2024-02-28,95.52,1
bd7b4f7a-d731-4cc6-a533-28393cf63b1e,Katherine Smith,2024-05-25,296.26,1
aa68440f-6739-476b-820a-4a17328be2e7,Jeffery Howard,2024-06-15,343.99,0
a8c3e1b6-21e6-4452-9301-333e36b93efc,Colin Allen,2024-03-22,480.9,1
d03da7aa-3d53-4df1-a631-ab87eb14416a,Terry Sheppard,2024-09-10,72.52,0
061c26e1-faeb-498d-b53a-171633f60b6c,Laura Sanford,2024-05-27,457.63,0
b90ade3f-ec54-40b2-8f48-519d45429683,Melissa Parker,2024-07-31,332.98,1
5afe3661-dd56-44b6-810f-91bedc008caa,Philip Knight,2024-04-03,175.17,1
567852d7-7cc9-4fe0-a3e3-cd3ee941c8ea,Donald Moore,2024-08-05,403.18,0
2545bc0e-7566-49d3-aa8f-fbc7359878bc,Christian Kim,2024-01-26,195.94,0
1139e7d7-8836-45cd-a3e4-a73fba687608,Rebecca Curtis,2024-05-12,27.23,1
c7b474e8-7c58-44a6-9815-f533b292ee8f,Olivia Martinez,2024-05-26,401.07,1
783164c5-3901-49df-b69f-71c428db9b0c,Brenda Brown,2024-05-27,164.5,1
ce489fc4-cc5d-4cf2-b645-0f3b5223fe6e,Michael Wolfe,2024-01-31,193.52,0
3c7144be-88b9-4409-89b8-74d8c325cf69,Ashley Alvarado,2024-07-30,388.03,1
597ff745-52f6-47ca-bff5-66886e8f3d5a,Donna Kelly,2024-08-03,457.07,1
95886e9a-24de-453c-b7ad-2eb111cd80c6,Mr. Sean Soto,2024-08-02,231.13,1
2ba21d8a-0c4c-483d-a025-4e441da43d7b,Justin Nicholson,2024-03-13,279.95,0
40e2f240-e621-4524-94bf-eb22e4ac9db9,Stephen Martinez,2024-01-17,14.55,1
819c597a-b4a2-48f7-8fee-2aed7f4ae8aa,Tamara Williams,2024-04-19,277.64,1
ff8d3393-b157-4672-95c5-5282b625b8f9,Michelle Stone,2024-02-01,293.53,1
2b077d4a-45c4-4cdc-ba48-82ced9ac6478,David Willis,2024-04-11,262.12,1
d7ecd260-1caf-4e80-8f75-d28e292a247b,Nicole Keller,2024-02-08,214.82,0
50e49351-31da-45f5-9277-21979d3fc6d7,Paul Gonzalez,2024-06-01,498.24,1
34b5e9cd-5d75-42a5-9b7e-1a2d473dea07,Gina Taylor,2024-07-30,497.54,1
fba7afba-aa50-4a7d-a055-dfd03bc53b0d,Mathew Smith,2024-03-12,111.71,1
23bc76ca-391c-49cd-81ac-58c9143814d8,Angel Salazar,2024-02-16,168.34,1
04070505-79f8-4e7f-8b4d-5c9d8c8ae8b5,Joseph Morgan,2024-01-06,471.87,0
34a76133-7c08-4a19-9c10-88ebb2981c29,Dawn Johnson,2024-01-26,235.36,1
e183c65e-e8e8-4cb4-b402-b14ecd74eed1,Carlos Callahan Jr.,2024-04-28,303.56,1
bb851f75-b1f5-47c2-9aad-a14a6486f295,Jason Middleton,2024-04-04,141.45,0
cb992a88-bf52-4e6b-a971-c20ec8409558,Sandra Lopez,2024-02-12,443.57,0
0871ad04-fc3c-4b91-8b79-14413b463344,Benjamin Adams,2024-01-03,242.36,0
9f28299b-bbf9-4ca3-9e89-5a66177de300,John Mendoza,2024-05-02,391.67,1
a5622a8d-c00a-4cbe-8eba-46ea04544944,Andre Smith,2024-05-31,212.04,0
0609693f-c0bf-48c6-b57d-b03b9a3ae8db,Melanie Jones,2024-02-08,307.87,1
9ba3d81c-56ee-4e07-8a54-62bf94457872,Deborah Williams,2024-06-14,259.21,1
bc97f522-6c1c-471c-9d5d-6fba0e10e29c,Betty Mercer,2024-05-01,352.92,1
c00225d6-b8aa-43a4-9618-2c3a6e74a259,Eric Parker,2024-07-13,211.89,1
aefb8d31-5410-4c71-bad5-80e66fbfd079,Jennifer Morgan,2024-05-20,292.77,0
cb3ce9c1-6f3a-4229-a3b4-b616bc1d64de,Joseph Hanson,2024-08-09,204.99,0
23f15a93-f161-4453-a3b5-c51e33aed00d,Timothy Wilson,2024-07-14,302.71,0
99ad9a53-6b8b-4b97-935c-3a980b74ceeb,Brooke Berry,2024-05-13,405.02,0
04ba423d-a519-4aac-b0b1-4273bb607e53,Jennifer Moore,2024-01-26,133.96,1
628aa18a-3345-4822-92b7-2468c8d93161,Brooke Williamson,2024-05-09,94.34,0
d66ac664-064a-44b2-8343-60fbc68e0c2e,David Reed,2024-02-03,261.1,1
775603c8-4902-43af-abed-71851b8b659a,Dr. Eric Osborn,2024-08-17,55.82,1
3701ca11-2c69-41c1-a3a9-7b028cdb6bdb,Jessica Duncan,2024-04-15,445.73,1
df0a2bb4-0ede-42f5-bf9a-2d20f147d032,Ryan Mckinney,2024-07-05,442.9,1
aa9117be-6463-4710-aa9d-cc3fbd7046b4,Vickie Smith,2024-04-25,375.29,1
03ca2598-8145-4f1f-9054-ac5530d2af2c,Megan Rosario,2024-09-01,477.86,0
84217967-dc39-46f3-b779-a669751e4947,Jonathan Stewart,2024-08-05,479.59,1
3355530c-675b-4588-a1c9-91ae824358f9,Jerry Montgomery,2024-09-02,390.63,1
3e79a307-8f85-4a0c-b74a-cc6c394a6a1f,Abigail Morgan,2024-07-23,212.88,0
b8d998a3-202e-4695-89e6-b2bdcd668ad8,Mark Weber,2024-02-23,83.24,0
28b5b0dc-03cb-4c4d-8287-883a66988aed,Glenn Arellano,2024-05-18,192.06,0
66cd7120-b791-4856-9d3f-fdb961fac557,Devon Cunningham,2024-06-14,407.02,1
694d50a3-b199-48a5-8767-2344c81c1743,Christine Martinez,2024-01-28,405.68,1
063d5701-e886-4481-9fd0-a9b7ab3ce8f5,Cynthia Kaufman DVM,2024-03-20,74.11,1
fc61970f-fb71-4143-aad4-74a31be1feff,Preston Carey,2024-08-15,109.62,1
799f44b7-7941-4bbf-9d26-5863b7d14507,Taylor Lewis,2024-03-03,334.73,0
1c35b8d7-eeaf-42d4-a853-b87ce2152045,Donna Delacruz,2024-05-16,376.34,1
c834d15e-6a22-43d4-af6f-3b1cc3e45cbd,Joseph Campbell,2024-06-11,222.57,1
151c3cdb-3bae-43fd-9380-d65df021ea7c,Cynthia Rangel,2024-05-23,108.19,0
9209162f-a7f4-4d6c-9a66-6878ce91d01b,Jennifer Reed,2024-08-12,288.07,1
e550a48a-f1f6-4d56-8750-5bfafda6bee2,Nicholas Foster,2024-01-16,485.42,1
b036591a-e7b1-4d15-980a-0702c536cf96,Gordon White,2024-03-02,218.11,0
b7e2157e-4c35-4e03-8867-f262bb31d00e,Ryan Reed,2024-08-08,335.46,0
f06eece5-fe30-4cfc-b1d7-ca75e73d6172,Lisa Powell,2024-01-13,170.46,1
19687471-9d6a-49bc-9bfa-e46eab361e9a,Jacqueline Medina,2024-06-05,358.53,1
be24cae7-ab8d-4831-a65a-493dc7f02867,Paul Alvarez,2024-06-16,320.21,0
60d755bd-24e9-43d6-8b1b-b4b8615c242f,Dustin Reeves,2024-08-04,416.2,0
2137871c-3965-470d-9b98-199621899541,Victor Wolf,2024-06-12,281.58,1
5b4d0a8b-6e90-4a53-983d-ebb37ce8afa5,Ryan Robles,2024-03-02,466.01,1
f1dc3244-892d-4985-97d0-adb73cf651cc,Meghan Copeland,2024-04-20,390.68,0
07f637e9-4ba7-466d-bc62-bc9ad2e14469,Kim Murray,2024-08-25,347.94,1
b3ee6877-1bcb-4c82-8c1b-c7fcec9a05cc,Jeremy Jimenez,2024-04-02,379.78,1
7af32815-9ca8-41b9-b1c9-17073adb4486,Tony Weber,2024-01-29,316.22,1
df50dec4-5d44-44f6-aacd-c0d425cfd086,Loretta Diaz,2024-03-29,257.54,0
c24db77f-8f83-4c59-b201-4843db270c55,Taylor Gibson,2024-06-01,363.51,1
cb47e3f7-d365-40fb-98d5-471bd75711f4,Tasha Vega,2024-09-01,240.53,0
c4bf8b07-00e0-4e5f-b02a-be47549be607,Ryan Alvarado,2024-02-15,297.88,1
095f62ff-d538-4bd6-88a0-89eb0138b774,Victoria George,2024-08-31,312.48,1
f0b7c8e8-3829-461d-8e49-c2826f0f1103,Alexandria Lambert PhD,2024-06-12,114.07,0
004da08e-0066-4df1-9782-725c64e1e824,Ronald Moore,2024-07-15,78.3,0
df8a6865-0fac-4966-80c9-af2621b1b818,Terri Watkins,2024-09-11,72.64,1
a1f0706e-1558-48e5-a336-acb01a24a5a2,Susan Williams,2024-07-26,435.78,0
3edf5d63-e89b-4214-8e37-d7ad898d24b8,Madeline Marshall,2024-04-18,180.5,0
b0c61b56-1cd3-4ace-b427-0c7c669d71d4,Renee Kelly,2024-04-27,262.84,0
9b0f3c60-29e7-44c9-bfaa-37dced48c4ed,Melissa Chapman,2024-03-09,153.34,0
76862ee9-9960-4eac-9289-65a960ba6b01,Tina Thornton,2024-05-06,383.85,1
54baf1d3-61d0-4050-b584-fa3e81a50bc8,Jeffrey Hodges,2024-05-12,366.0,1
9d8f2754-7859-4bcf-83bd-f46968ed752f,Carolyn Williams,2024-01-03,312.57,0
944ec248-268c-437d-ba21-b462fcae5e47,Joseph Koch,2024-08-28,382.91,1
8fffa09b-ad45-4ead-8dd9-d1dc6de60f37,William Cline,2024-04-30,258.09,1
fec6f9cc-845b-4f46-be97-316c221d1e9b,Courtney Hunter,2024-06-04,391.34,0
58e9e9fb-c76e-40f5-bb22-478e0ee2fbbb,Alejandra Drake,2024-08-18,60.67,1
ec473ea7-a7c4-47c0-985a-ea3184054466,Haley Miles,2024-07-27,384.81,0
3b54be86-3381-489d-98a2-8d3760273ad7,Brent Hogan,2024-01-28,211.74,1
9a357398-c67c-488e-a906-f3dc1d62c657,Anthony Dunn,2024-06-22,12.23,0
b933cdd4-719f-40b9-a03b-f440f834513e,Jessica Gregory,2024-07-01,193.14,1
b7e76fcb-2b64-4907-b281-ebe51ce9cd1c,Matthew Allen MD,2024-08-09,449.65,0
ead23a71-3280-4567-98dc-a0b74934f202,Betty Hendrix,2024-05-03,203.63,1
6395d94d-985e-4a96-97e8-d23175bf0bc9,Anna Jones,2024-06-28,63.37,1
196c2f49-a5e2-496e-9f39-b8fb8aeb5230,Michael Parker,2024-05-19,172.0,1
494e2460-4c40-402e-9d11-f25133aebbc4,Jerry Joseph,2024-09-05,457.63,0
da8c16bc-3784-4775-9804-b75b0b20d446,Douglas Quinn,2024-02-25,253.5,1
51d5488d-0616-42fc-b279-1efd294dc42d,Casey Harper,2024-06-27,302.83,0
4811ed07-ae3e-4aea-b314-eb31fe1e3c5f,Karen Flores,2024-04-20,315.51,1
ac3c6099-4da2-4ee5-aadf-1f805a2b1c36,Christine Mason,2024-01-06,378.56,0
ae7568c1-6174-4318-96c9-b26c3278b4e3,Dr. Erin Cohen,2024-06-09,13.69,0
dfcaecff-9041-448e-9a76-49aa981e923b,Michael Duarte,2024-01-13,167.07,0
7e04bfc8-08a5-4dc4-babd-a4cc9e6baa04,Cathy Vang,2024-03-08,82.24,1
d86fd019-8404-45f6-b050-66dd0277072a,Jamie Marsh,2024-01-23,50.22,1
a7f3e9fe-f6f0-490d-b4b5-d12f50130f6a,Emily Boyd,2024-05-13,237.88,0
c33af909-7e93-423f-bf04-763c0eb3033b,Danielle Garcia,2024-04-26,471.69,0
48028c35-ce37-4e42-a79a-3444235c6fa5,Zachary Green,2024-05-23,62.4,1
af604170-0021-411a-8619-8b3d87799b10,Daniel Miller,2024-06-29,344.89,1
60afc050-4c79-4ce3-a474-b3d6b0dc34e5,James Brown,2024-07-15,402.35,0
6d6af183-2955-45f9-bf8c-ffe4462e44cb,Jason Smith DVM,2024-06-14,390.74,1
15f0473b-50ba-4cf6-bb97-959ca6cd397e,Christine Kelly,2024-05-25,494.05,1
29c4607c-d72e-4212-a364-b5f0112b1c06,Jacob Collins,2024-06-24,404.58,1
b08b343f-52ed-4ae0-9678-b0d051d83e6f,Holly Reed,2024-01-28,284.02,1
fc006d3e-29fd-4163-ad50-0dc18af01606,Martin Contreras,2024-06-11,220.16,0
cd5f58d0-9770-4a3d-b167-2002b3470c2a,Randy Crawford,2024-09-14,372.78,1
7a997e12-c00e-4301-ad5a-e5a4b0544df2,Sarah Murphy,2024-02-27,64.6,0
40f7f796-3ada-42fd-8fad-c7445e4bdcea,Dr. Javier Wells MD,2024-02-23,235.65,0
7546a70e-aac7-455e-9182-8d8bf6013294,Natalie Harding,2024-05-25,19.12,0
0b63d028-6ca3-40a4-b1f2-4775346c9f59,Mary Robbins,2024-09-02,132.27,1
6315552b-6845-46a5-a604-0a4bc16ae990,Jennifer King,2024-05-09,402.06,1
f1c3c096-ba1d-4a3f-9e56-4aba0c607cf4,Jean Lewis,2024-08-15,256.81,1
2f185c75-303f-444f-88ea-e92e782e34e9,Angel Norris,2024-05-05,101.86,1
9f5e15f7-8e92-4508-a98e-3210f9ff8e88,Charles Haynes MD,2024-05-11,477.46,1
d46aeaef-1601-4b36-9abf-389ee436d6fc,Brian Bryant,2024-02-25,136.81,1
efe6bf4c-5b7f-445d-9b2a-36619fa0958c,Bruce Gonzales,2024-01-09,342.37,0
35d6a63f-c37a-4e98-8756-3b909f822af6,Nicole Good,2024-03-15,243.41,1
43d6ebb8-b77d-4e14-afa2-16c2275ce50e,Joe Rivera,2024-07-07,330.76,0
5c976827-fc12-42c0-aaf3-230eca36fc94,Michelle Sellers,2024-08-29,321.3,1
48f304ff-11d5-443d-9d26-5c6e81c8cf4a,Jason Rosales,2024-01-06,29.14,0
61a97114-436c-4269-aa7b-9b05fe09d111,Lisa King,2024-02-03,382.08,0
8abfe360-9bc9-43f2-ac1c-fa4498af7586,Kathryn Morales,2024-04-16,494.03,0
be4e423b-46fc-4e92-8b09-c334efdd1811,Hunter Campbell,2024-01-04,170.94,0
e7ff555b-ce69-4a15-be75-ebbd00128a15,Melissa Johnson,2024-07-21,385.93,0
25a79851-b62d-4fcf-ae79-3c5fbf0bdc43,Monica Maldonado,2024-08-14,141.87,0
2684bad9-9daa-4309-a03b-0cc989f94e42,Peter Marsh,2024-06-07,95.48,1
910c319c-6d9b-4d0c-83f3-1be32286140e,Mark Pineda,2024-01-30,135.08,0
17dcd175-db13-40d3-9b32-cf9c36303b83,Rebecca Bailey,2024-07-19,457.97,1
9d972f75-690f-4b0c-8bdc-2c08459978bc,Timothy Williams,2024-06-07,304.11,0
18eeb789-1f0f-473e-8c3e-ec080732a2d2,Hector Austin,2024-05-18,380.64,1
32231903-e6ab-48f0-945e-4b80d73a2e05,Austin Harris,2024-06-05,427.69,0
951673b8-1981-4078-9260-288d4d06fda1,Paul Baker,2024-09-11,269.08,0
1cf3538e-3b4b-4e26-8881-da831d680cab,Katelyn Sanders DVM,2024-06-10,307.37,1
c9627e6d-51d4-4fe1-9806-87ff08188b12,Caitlin Lopez PhD,2024-01-29,122.28,0
52ca3f0a-dbd4-4a8b-8526-9697f8b70947,Craig Green,2024-01-08,231.53,1
5ea46eed-000f-43a9-9f33-1440175238db,Patty Saunders,2024-02-24,445.52,1
0537d712-49d2-421a-b7af-cd8020fd1aa7,Juan Weiss,2024-08-24,154.31,0
c9b32249-3271-4e65-a7ed-39c2e913f181,Jesse Barajas,2024-07-01,386.32,0
e8004610-f8fa-44d7-b4a9-9ba50622188a,Michelle Massey,2024-06-30,36.79,0
e7ad6d31-ea4f-4c35-b803-58cabb6e2e51,Alison Lee DVM,2024-01-31,309.07,1
4266b69b-ac9f-40c9-b64c-e8f19417e84d,Adam Shannon,2024-07-19,199.45,0
3f01e586-13fc-4480-b7ad-b9c7153b2407,Justin Harper,2024-03-12,91.68,1
be821796-c2fa-44e7-9dcf-e94742528657,Chad Savage,2024-05-16,87.22,0
b1ee650c-be81-4145-9723-2a5ae51f5226,Joseph Acosta,2024-09-03,380.09,0
5ec012a9-d4bd-476f-b0dd-5802fdb2bc6b,Angela Pena,2024-08-13,324.74,0
250b0452-e06d-44b7-9ac6-b18e7fcc43dd,Kaitlyn Palmer,2024-01-01,120.35,0
cc784a88-4a98-41ac-829e-720f52eca9a1,Daniel Rivers,2024-06-23,362.18,1
96159bd3-f1d2-416e-9e1a-30619d9422c5,Brian Clements,2024-03-28,108.7,0
1d3241c0-06c3-41c7-a39f-64ad21beba75,Kimberly Brewer,2024-09-15,398.31,0
cb702900-3ba7-4c83-bbe1-109e0d06c90c,Cindy Ramirez,2024-05-17,206.99,0
b925a21f-ad38-4f83-bff3-a29d52247457,Charlene Moss,2024-02-07,375.89,1
ad4525e9-9ce7-456e-8d04-570eb39d184c,Bradley Barker,2024-04-24,325.42,0
25b5e90d-7d93-4606-a923-8f2d71851020,Eric Taylor,2024-05-08,312.12,0
8825e235-c5da-4298-ac2d-c797382f6ad7,David Butler,2024-07-04,115.67,0
bf4a2c52-280a-49c9-952e-9d1eb16c7ee9,Timothy Jenkins,2024-09-02,276.28,0
44a35668-3410-4d37-9d88-385468d1d28c,Ryan Gillespie,2024-07-23,52.99,0
3884ff5c-7c11-4543-aa23-391610cf9524,Ashley Avila,2024-05-20,25.7,1
06ae4626-94dc-4d9b-87b6-4a6f5d1c59c6,Travis Hernandez,2024-07-08,478.92,1
69716ab8-5523-4097-8d96-c4d607d1e56a,Joseph Bryant,2024-07-03,450.64,0
e63ac482-8c15-4224-a70f-160f91270723,Mikayla Daniels,2024-04-28,320.66,0
216b98bf-46bd-4af9-a561-5aa5758b9901,Steven Hardy,2024-02-10,407.31,0
bc166bbc-a162-4eb3-849f-b42df3c812d1,Tabitha Brown,2024-03-23,423.17,1
8e2d52c2-11ee-4944-aab9-a4d85d4cfd8a,Wayne Hill,2024-02-07,473.35,0
9fa08264-9c11-4bcf-8574-0aa6af7a0c9c,Lauren Knapp,2024-07-15,441.67,1
d84a5d18-ef58-45ba-9235-8994980a2342,Nicholas Aguilar,2024-05-04,495.71,0
a41020ac-dd0f-4311-8096-36203612eb36,Robert Matthews,2024-06-16,182.91,0
e6f93e71-7789-472f-b64a-7d6d415a8bd6,Paul Mitchell,2024-05-16,48.82,1
bd15eb51-78a5-4426-99b5-0c68e40b361c,Andrea Curtis,2024-03-13,266.23,0
34598d80-9cf3-42e8-aed1-c5329a724ea6,Amy Blair,2024-04-30,174.32,1
0791806b-13e0-4f53-879c-171442f79ac2,Christine Garza,2024-06-05,38.8,1
f482405d-3ba1-4c67-bd3f-9a669dca83f8,Krista Ortega,2024-01-04,429.35,1
2aa8105f-a8c9-47d6-9a5f-e6ec18bcf7c1,Robert Davis,2024-05-27,292.67,0
cd6c85d1-f865-450e-9027-4c98c42deec7,Hayden Lindsey,2024-03-15,37.68,0
b260bd98-be6e-46bf-8dab-d624a65a4286,Colleen Harding,2024-07-29,156.95,0
4e855157-03ec-414a-a25b-bfefb44b87f1,Christopher Carroll,2024-01-28,416.19,0
b97b2e0e-fd4b-4a31-9186-4913bb463cbb,Bobby Frank,2024-07-06,443.2,1
415ff113-67f4-450c-9492-8b23574dcd0b,Timothy Hodge,2024-08-31,170.4,1
357d09b1-4331-4238-a202-387c4edca03f,Caroline Holloway,2024-07-28,199.97,1
b0edd6d3-a66a-4dea-aab7-9188ebda6e20,Jessica Carter,2024-03-20,284.98,1
f256e50e-d335-4b92-9665-31f2eaf2b973,Tina Ramirez,2024-08-06,339.44,1
5bdd1d2a-39c6-4c2c-9b1d-f14e4076a717,Tracy Haley,2024-04-19,174.67,0
141f380c-3cb5-47a8-998a-d4db28151aef,Austin Kemp,2024-08-30,415.51,0
881e8bb5-4a52-4245-a85d-c2dc51484514,Jesse Small Jr.,2024-08-19,320.74,0
55511fb3-46ad-4677-9757-09147f489ca5,Christina Russell DVM,2024-03-10,481.41,0
7a8e763b-2a51-4140-a5fd-3a2ca04defe4,Robert Jensen,2024-09-15,318.16,0
0e1253cf-ade6-43b5-af12-073b879cab74,Stephen Roy,2024-06-24,236.45,0
8465e1aa-aa3f-4438-acc5-46ead613e6c2,Christopher Fowler,2024-02-11,16.83,1
fd5f0929-6289-4ac0-b998-5771b06b8271,Maria Wright,2024-07-04,125.92,1
d68621b5-110c-4395-858c-a60e2d80b282,Michael Franco,2024-03-26,165.38,0
247f1c7e-7630-4437-acbe-2fa2d84a9cf9,Charles Martin,2024-04-12,90.91,0
87a4c15b-cec5-4e34-9671-d73913425e09,Xavier Vasquez,2024-06-14,379.4,1
9fd9d9c9-f47e-4559-b180-e62591bcd065,Jennifer Parker,2024-07-14,83.85,1
d1b4986e-997c-43d5-baab-6208413525f2,Michael Johnson,2024-06-05,373.69,1
6458be05-e964-46d7-996f-347535f7a6d9,Dr. Kathleen Lamb,2024-04-11,95.99,0
161e0332-93c3-4167-abbf-6707af0b141e,Gerald Lee,2024-09-04,409.76,1
00c068c5-f9de-46da-b6a1-0ce2bfd0d592,Keith Hill,2024-01-14,398.24,0
dae3b9b7-6921-422f-b1bb-5d0409533b99,Thomas Nash,2024-07-22,345.46,0
ffff46f6-f94e-412d-8a31-642d17929cd6,Jody Hickman,2024-07-29,274.24,0
7d9525f2-7021-4f67-b826-9cf8ca28e1d6,Todd Wilkins,2024-05-05,151.83,0
0a5f7079-5e24-437f-8f79-398ae557d0b5,Nicholas Jones,2024-03-06,44.35,1
59922480-08f6-4426-960f-6a5ae45232c5,Jeffrey Avila,2024-08-05,126.6,0
91c6ca42-e613-4969-afe1-6dee56bb81af,Emily Flores,2024-07-05,151.7,0
90da57e2-3996-432a-8f25-7432ac0f29c8,Jamie Torres,2024-01-21,141.64,0
ca9964cb-649b-4ec6-84dc-a9a61efa88ba,Jose Santiago,2024-02-21,16.38,0
f49478d3-7c7d-4932-b4a5-a9bcd8d098d9,Sean Griffith,2024-07-28,43.81,0
d17733e0-3e54-4013-b6cc-87375d38dcb7,Mark Burton,2024-05-19,77.36,0
cadf9562-07a7-47e0-98bf-c73feedade3d,Mark Brooks,2024-01-23,46.0,0
655d4a65-7f7c-46f8-9cad-d6d025fda845,Melissa Campbell,2024-01-09,118.38,1
382c93e9-1058-43cb-8fac-599fed40203f,Tammy Mcpherson,2024-08-18,329.54,1
985d8318-9c88-4cc9-ae7c-803e8027d3ca,Brett Perry,2024-04-21,387.4,0
9579b6d1-36fd-428a-a7f9-e959ab2f411f,Roger Robertson,2024-08-15,273.59,0
cc56d64d-b8e8-4544-a25d-72989d08228c,Courtney Bender,2024-06-21,443.17,0
1642a1e3-e67c-4a66-90ab-af3045d1c331,Emma Martinez,2024-07-06,255.41,0
160e7084-7e74-4cf4-a06c-59ee03378576,Timothy Griffin,2024-02-22,301.63,0
f2b53e63-286d-42ee-9ea5-53b623a1188c,David Curtis,2024-06-18,108.45,1
1a7f4076-1010-4255-ba0e-9dcc61f10882,Barry Atkinson,2024-03-09,499.83,0
9762b77a-708e-4a52-bb17-485d72e34459,Aaron Hall,2024-05-04,378.79,1
891220a1-f892-4067-91d3-e4bdef708168,Tonya Gay,2024-04-18,319.67,0
9a3a122f-1e05-4622-9aab-d6fbf2dc970f,Kathryn Young,2024-06-13,202.82,0
3f26d12d-2705-41bf-b5b5-23dbfedba73f,Joshua Jacobs,2024-07-26,369.63,0
57f24a8b-663a-43e3-a3d2-f04a6a462742,Joseph Fleming,2024-03-22,191.09,1
674333bb-fd93-4611-a34f-7617a7d73920,Katherine Potter,2024-09-03,496.74,1
fef31e4d-913d-4f06-b395-c24b3415c480,Michael Romero,2024-07-22,355.72,0
8a76ffd4-757c-4446-a9f3-ea47da22dafb,Jared Harding,2024-08-29,20.39,0
63aa5744-2101-42c9-a859-a8bf7aae8f05,Margaret Greene,2024-07-22,443.5,0
712f68f7-87f8-41c1-b790-428c1e7eeb04,Andrea Wood,2024-09-07,426.34,1
34204b31-2a6b-4e34-904f-1de3e8d47f52,Kendra Robinson,2024-03-10,466.39,1
707d6a5d-395b-4a3f-8af3-4b075c105af3,Andre Davenport,2024-03-25,407.3,0
d3e3948e-4e64-41e6-a989-fa251a9c81a7,Isaac Roberts,2024-02-03,301.17,1
fe7981be-11e7-4aba-b241-d5ea50c5d6b8,Christopher Garcia,2024-02-16,152.1,0
31a12da5-7cef-4194-b4a4-f94ff252b6e7,Michelle Sullivan,2024-05-13,75.42,0
c699e191-518d-4558-b789-71ff3950b132,Jessica Wright,2024-07-02,201.23,0
8f96504d-b67c-41c4-8d5d-7fbdca9d5981,Cole Johnson,2024-07-22,126.13,1
a84de22a-59e3-4a0b-ba0a-6983977d68ad,Brandon Myers,2024-07-31,181.02,0
1cbdf3e5-9ec1-406c-bcfe-de208c32b0f1,Mark Bailey,2024-05-09,447.74,0
eb7f62a5-cdd5-4f64-bb18-fb6d18a76e36,Amy Dean,2024-04-08,197.29,0
53ff9010-9370-4522-ab67-d3021c7a4c64,Derek Fields,2024-08-24,224.94,0
773246bf-0a85-4593-8017-c4ef0a6a7d72,Jordan Davidson,2024-07-05,330.4,1
2dcc4246-3ee6-4277-90e3-48ac8f0449de,Sarah Fowler,2024-05-30,131.88,0
62259f68-b527-4e19-966b-871e1e515c5e,David Garcia,2024-04-21,456.59,0
9164496d-6b79-4f91-a1a3-34738f7a16c9,Kenneth Aguirre,2024-05-27,424.26,0
992b9446-61b4-4422-8065-65f464676e0a,Richard Armstrong,2024-05-03,499.15,1
301b1008-d479-4e85-93c5-57eaae19f173,Robert Howard,2024-04-24,404.77,0
49ed2c80-2280-4880-a1eb-b599c4652a88,Brandon Martinez,2024-05-24,487.4,1
15a4c8fd-6efd-4a84-8d65-15c72a7f6f94,Haley Phelps,2024-01-23,411.11,1
0663831c-6d5b-4530-8200-284428e0a31b,Christine Smith,2024-04-29,54.73,0
ea113b87-be09-47b1-9a92-67f0019a8ea1,Christopher Flores,2024-05-04,196.79,0
b13d7b01-75bd-457d-9a0a-537b1ff13884,Mindy Fletcher,2024-02-19,52.02,0
db6a1565-cb66-410b-91b2-3ce36bc5f2ab,Sarah Roach,2024-01-16,203.79,0
b63f32ae-9880-440d-8fab-90349dbf87bd,Cynthia Myers,2024-01-30,130.64,1
e0ffe3ce-54be-4735-a26a-308718db0058,Mr. Luke Osborne,2024-03-25,152.9,1
b4d5f59d-0572-4042-a3d1-d116ab885744,Laurie Johnston,2024-08-31,149.35,0
33ccd06e-894c-4da6-8063-9117776578bc,Matthew Mullins,2024-05-10,453.89,1
1b78e3b0-cdc7-40ff-9cb5-fbd4cc8ad1c6,Theodore Salas,2024-03-27,81.97,1
9fff9629-df33-47b7-9859-4c36ae15aa1f,Timothy Lopez,2024-08-26,118.94,0
f4653cd6-4829-473e-9773-c433d1f1bd37,Sarah Williams,2024-07-08,257.14,0
4ffd2f49-199b-43e5-8109-af05f66713a6,Justin Ho,2024-08-07,304.34,0
555cc9b3-b72a-4f71-9806-8f7015f96df4,Laura Brown,2024-01-03,93.13,1
417c234e-1b1e-4207-8d09-3bf0d5efbc91,Stephanie Wallace,2024-08-11,92.2,0
3be6346e-1852-4a9e-a905-2875d81485d6,Ronnie Garrison Jr.,2024-08-19,62.79,1
b51fe0b0-2c6d-4035-b362-f2f60cbbbe3b,Leah Mitchell,2024-07-02,378.85,1
904bc4ee-4f47-4c57-a105-a219ee4ab0d6,Stanley Russell,2024-04-30,177.39,1
86283548-218c-4742-b028-392cfebc4fb4,Caitlyn Maxwell,2024-04-09,90.17,0
de437cf3-ae5c-415c-9d48-93cb39f8d077,Rebecca Washington,2024-04-24,101.75,1
e6e32368-31f8-45a5-bd61-001cec294a42,Edward Le,2024-03-15,391.04,1
5cca4ad2-4864-4e6a-9f18-aa8e782f6489,Thomas Kirby,2024-07-07,442.73,1
1b4efbf0-2c61-4ef7-97ef-eaac62e1e001,Stephanie Garcia,2024-02-08,377.5,1
5a376ca8-5a81-432f-b7ba-08103160ce4d,David Aguirre,2024-03-14,168.05,1
adbad303-f1f2-4fec-9260-a57278083959,Kaitlyn Adkins,2024-08-25,12.87,1
3f169de9-3563-4933-b768-45816df160ab,James Hall,2024-09-16,342.89,0
4a37c760-8c57-455f-8505-0039815c47a9,Sierra Lyons,2024-04-05,159.82,1
560ad305-fa85-46e3-bb9b-a237a6c7ff40,Bianca Williams,2024-03-20,457.23,0
a218b0d6-3ebf-47f2-aa47-42056b71b77a,Connor Moses,2024-03-03,56.05,1
c12372b4-30d3-4c37-8793-3675792a0d5a,Monica Hoover,2024-07-28,46.86,1
1ab0665d-79f6-4d56-a237-cc4fd46cff7c,Margaret Harris,2024-03-17,494.95,1
d6b34b9d-eee9-4b74-ac03-e4053d93fd8b,Mary Reyes,2024-03-25,119.2,0
d1bccea7-120b-485c-8469-277df1d2c2aa,Joseph Jackson,2024-02-04,380.68,1
e2640986-816a-4f4b-9e4a-f7a6ce6bd28d,Tonya Booker,2024-05-16,235.15,0
504e9ce9-17d2-4e06-bf10-efbaacb97728,Tyler Osborne,2024-04-09,365.77,1
039bd8c8-ea4f-4406-8cb1-98ebcf0290dd,Lance Delacruz,2024-01-01,227.8,1
0a68eb5f-0bcd-4c29-b545-a2d0e16deace,David Nelson,2024-01-08,94.48,1
12507b14-2ebd-403d-858e-196c59fb43cc,James Grimes,2024-08-23,163.21,1
fbd23e7d-39e9-4e46-bb46-1a5499ecf993,Veronica Mcclain,2024-04-25,225.58,1
3db2be25-5020-464e-a904-7b36e6dd7a97,James Phillips,2024-02-07,148.72,0
9b757cc0-4214-4722-b030-9fdfe9e40d0d,Rebecca Boyer,2024-07-20,468.17,0
1d648426-cdef-4855-a6c7-1e7455d8f643,Bonnie Bonilla,2024-02-21,237.37,0
585f4532-e328-4baa-b721-37d07542bcdf,Brenda Matthews,2024-08-18,488.87,0
b077f9e9-f794-464c-beeb-2318d437e155,Michelle Johnson,2024-04-21,327.21,0
eaf466bd-5854-40e3-bf8a-7fd19933c18d,Jonathan Wilkerson,2024-08-22,281.33,1
0fb95546-e3c1-46de-9394-1c235190df0e,Christopher Sawyer,2024-05-24,91.03,0
0a08c3b1-5459-4c4b-a28e-2b2d8fd0df3c,Sarah Kirk,2024-09-09,78.01,1
1a3e3056-a66c-4790-98e6-88ac9d159d43,Joseph Padilla,2024-04-16,97.28,1
30aa8bc5-5ddf-4cfa-b0c9-48fc3a68a420,David Ward,2024-09-07,449.3,0
31a4f90c-4d89-4f43-9025-c2b1ceb73fd9,Tracy Ingram,2024-09-07,340.25,1
0e709224-b0c1-4dcd-96eb-196da095d856,Misty Williams,2024-06-12,131.03,0
0b76e49b-775a-408f-adb9-a2818ff6b0ff,Jill Lee,2024-08-05,276.54,0
01e2c892-51f6-4180-8728-64738c66c6e8,Joseph Graves,2024-02-13,392.51,0
312dfa0b-7c91-4f72-a065-e17889e5e225,Vanessa Keller,2024-03-29,300.13,0
740d7385-53cd-4747-bf83-97bb3160b139,James Evans,2024-05-15,49.41,0
dfb834ce-e6f7-4bf3-8b19-594322643d37,Rebecca Austin,2024-02-21,311.1,1
a826ae47-2002-43d2-a51f-2e1f5eb9a091,Renee Watson,2024-06-17,86.89,0
76979802-b28a-42f0-8b3f-447c24059f0f,Benjamin Rocha,2024-06-15,315.26,0
82a714a0-412e-4921-bd29-3ea67d411876,Michael Boyer,2024-03-13,103.77,0
e9a5ffff-cef2-47d4-8242-12962e6a1719,Scott Steele,2024-01-08,135.32,1
8efdf5a0-8e93-45fa-90d9-ef4573b21bf2,Maria Rose,2024-07-02,81.8,1
97daffe0-1c68-478c-8433-ba3f51cd8c21,Lisa Gibson,2024-03-15,146.03,1
f2e82e9d-6b9a-4b0c-a703-86842d3a6b75,Terrence Mitchell,2024-08-23,288.88,1
04450b1b-30f0-4612-9805-7bdc081369fd,Daniel Smith,2024-09-03,319.17,0
b4cbddea-7c9c-4127-9ad9-e53426d1495f,Cassandra Scott,2024-04-11,297.76,0
bdb8c402-dfbb-4cfd-aac8-547e114eadfe,Tara Patton,2024-08-07,195.13,0
d227e97d-9894-4ce1-ad9f-2aea5e3df535,Brandon Frazier,2024-03-19,181.06,1
9d95b081-3e37-4d03-9050-e1f90cdc5dea,Eric Taylor,2024-07-10,106.35,1
2a0c6660-0366-449d-8a8b-43afc4419c53,Nicole Jenkins,2024-04-19,132.43,0
e91da053-f5a7-443d-9dbb-c57ab3144f95,Wendy Soto,2024-02-21,110.72,1
d4ef96f3-a2e8-490b-a927-ad519ab46899,David Hanson,2024-04-21,498.37,1
902dbbfb-2531-4e25-8539-cc3eda833212,Cynthia Hammond,2024-07-08,115.22,1
342801b0-eb48-4468-9f74-f41197c60d7e,Lee Hopkins,2024-07-07,474.07,0
9a3bed4c-d111-4aef-ad39-c1cafd631c25,Tamara Rodriguez MD,2024-01-26,465.71,1
024b5229-6edf-4896-aab2-4a0b8b3dc26f,Andrew Benson,2024-01-18,444.01,1
31a4b71c-2641-421b-96ec-1599dd79bfff,Brian Payne,2024-04-07,200.08,0
ce82791b-7566-44ee-bf7e-b5114752a3bf,James Johnson,2024-05-03,410.0,1
14bc6cda-afe0-43ba-b0b6-f21f18d065e3,Amanda Bowers MD,2024-02-01,182.27,1
32e3f8ca-e26e-4200-928c-77562cbcd48b,Mark Ware,2024-09-09,388.47,1
08874928-f036-4a7d-8aa0-71d56bf30e7f,Tommy Taylor,2024-03-30,416.45,1
3f23bdfa-4ffb-489b-a6c3-845b4e2ef753,Johnathan Gomez,2024-06-09,414.23,0
b002de15-49b1-4ae9-a3a1-ce563421cae7,Monique Hoffman,2024-03-28,68.43,0
1ffb80ee-0adf-4f70-be95-5e7629f75bef,Cristina Phelps,2024-02-12,265.1,0
432b0b93-fcb8-4f92-8ae3-882fcde05f21,Jill Perez,2024-03-15,344.16,0
ae1dbd46-47b4-45e7-bcc8-22512ce478d5,Jonathan Young,2024-04-01,397.24,0
2983b059-9fff-4344-b20a-dbf45b5e45eb,Robert Browning,2024-05-05,181.39,1
436db4ce-5b85-45d7-878c-0b900671477e,Brittany Wilson,2024-02-20,84.37,1
fd0d74a3-356b-4a8e-8bf8-1fe96c8e560b,Amanda Mccoy,2024-01-03,498.91,0
412979ff-a98f-4305-a5d4-c0dd4db3dbf1,Lauren Rodriguez,2024-06-16,325.9,0
049b2156-c301-4d63-9085-e4ffee872ea2,Monica Sawyer,2024-09-03,379.55,0
03e68dd0-520b-45f4-831e-493504716983,Kenneth Olson,2024-04-01,409.07,1
55083a37-2664-45e3-af43-ceeb00850051,Joel Nguyen,2024-01-12,348.52,1
aebf6964-ca6b-4cf7-8518-e4b58a5cb9ea,Brian Ferguson,2024-05-29,43.12,0
f03b0c88-ddf0-45ce-b6ae-0822987a9a08,Joshua Wilson,2024-08-06,192.27,0
ee1a699e-598f-4d70-8653-7deaaa836118,Jay Keller,2024-05-30,470.82,0
fbdfff91-2015-46a7-af8c-a8329a133255,Lori Contreras,2024-08-20,339.01,0
3b38a8e1-4873-48ee-a1de-31eed99ef0cb,Brenda Small,2024-07-23,19.32,0
1bd65dec-1862-4aac-8d33-3883f1596093,Lawrence Hernandez,2024-04-09,395.05,1
380f1d2b-5027-42bb-8d43-a862ef726c19,Marcus Short,2024-03-21,423.78,1
c8283532-21fe-4464-befc-b2fa8d26dab5,Leah Dean,2024-06-06,460.34,1
5433174e-36b9-4cba-8630-f75d34c1110f,Lisa Braun,2024-02-04,86.77,0
e5a8bb5e-5d70-482f-89c4-ac624cc757b0,Michael Smith,2024-03-28,335.72,0
ec8f5440-3461-469a-bb63-178fec3f44d7,Melissa Myers,2024-05-11,178.98,1
bcdcb638-ed8c-417c-b05a-38635e7a699b,Suzanne Pierce,2024-01-23,235.07,1
73580397-c23c-4418-bfb6-faf1ca2311d3,Jodi Fox,2024-04-04,197.37,1
3d792104-bc11-4eb0-92a0-cacddf5bade9,James Robinson,2024-06-25,314.3,0
a0857abf-25eb-4050-bbb7-82cac62083ac,Mrs. Michelle Garcia,2024-08-10,490.95,0
1672419e-5cab-4ed3-b29a-00f7f74583a3,Brooke Turner,2024-06-09,290.94,0
d9ad2f95-e9ee-4b6a-b711-cd8f23df2643,Alvin Alexander,2024-05-31,321.28,1
2e39a19e-673b-4c28-ae60-1122727914b4,Brian Brown,2024-06-10,252.54,1
23bf5485-f96c-4835-a313-6dd6346c41c9,David Weaver,2024-07-22,12.69,1
6e9e5580-8301-4f59-9da8-fbb0de3cec06,April Frank,2024-09-09,481.54,1
1b742a7b-e77a-416a-9a66-b3d37774de9d,Christopher Campos,2024-04-30,111.57,0
7fd09aa6-34e8-4ae7-a82a-754ffaec0e2a,Mr. Eric Smith,2024-03-15,420.67,0
3219c367-800f-42dd-910a-877364b22299,Robert Pierce,2024-05-20,175.19,0
125013d9-f182-494f-9d76-5bdf36a392f9,Brandon Roberts,2024-05-25,423.28,0
59fc6fe8-9462-4eb7-bee9-3e8851fa2513,Jerry Mosley,2024-09-12,280.6,1
df84a2f9-075f-4d0b-bfb2-53d9c0d57333,Carrie Clark,2024-07-26,245.59,0
5393c0a0-a9e5-4ee6-b774-0178098b02e5,Amy Riddle,2024-09-08,359.54,0
